Date,Forecast,Lower_CI_95,Upper_CI_95,CI_Width
2024-12-31 01:00:00,4310.837179824373,2455.2064454517467,6166.467914197,3711.2614687452533
2024-12-31 02:00:00,4130.980558822503,2128.968357595493,6132.992760049512,4004.024402454019
2024-12-31 03:00:00,3958.134263266218,1756.370960811389,6159.897565721047,4403.526604909657
2024-12-31 04:00:00,3855.268961329166,1548.1470794854094,6162.390843172922,4614.243763687513
2024-12-31 05:00:00,3837.456610320908,1512.227722984539,6162.685497657278,4650.457774672739
2024-12-31 06:00:00,3882.5378897622622,1556.167640235622,6208.908139288902,4652.74049905328
2024-12-31 07:00:00,3952.1928112672185,1609.725179857488,6294.660442676949,4684.935262819461
2024-12-31 08:00:00,4011.9140369693355,1651.1512204714463,6372.676853467225,4721.525632995778
2024-12-31 09:00:00,4042.722779331999,1674.693489291889,6410.752069372109,4736.05858008022
2024-12-31 10:00:00,4043.0267456925653,1674.7477519415193,6411.305739443611,4736.557987502092
2024-12-31 11:00:00,4023.2848586845253,1653.3731245793833,6393.196592789667,4739.823468210284
2024-12-31 12:00:00,3997.947291948375,1623.586376651434,6372.308207245316,4748.721830593882
2024-12-31 13:00:00,3978.6416105444014,1600.2640414734842,6357.0191796153185,4756.755138141834
2024-12-31 14:00:00,3970.7500485308897,1590.6213797255473,6350.8787173362325,4760.257337610685
2024-12-31 15:00:00,3973.5113402305087,1593.112042000063,6353.910638460955,4760.798596460892
2024-12-31 16:00:00,3982.405365373117,1602.0023493697945,6362.80838137644,4760.806032006645
2024-12-31 17:00:00,3992.1416420558,1611.6618800084107,6372.621404103189,4760.959524094778
2024-12-31 18:00:00,3998.9181244146152,1618.4090600148925,6379.427188814338,4761.018128799446
2024-12-31 19:00:00,4001.347320520721,1620.826875424872,6381.86776561657,4761.040890191698
2024-12-31 20:00:00,4000.155353663441,1619.4805089421384,6380.830198384743,4761.349689442604
2024-12-31 21:00:00,3997.1864252942687,1616.1790516248052,6378.193798963732,4762.014747338926
2024-12-31 22:00:00,3994.3253812752855,1612.9293063645296,6375.721456186042,4762.792149821513
2024-12-31 23:00:00,3992.7727941854087,1611.0604356703411,6374.485152700476,4763.424717030135
2025-01-01 00:00:00,3992.82567718873,1610.9078705571678,6374.743483820292,4763.835613263123
2025-01-01 01:00:00,3994.0739245192262,1612.0310935544267,6376.116755484026,4764.085661929599
2025-01-01 02:00:00,3995.796439116979,1613.6650012869723,6377.927876946986,4764.262875660013
2025-01-01 03:00:00,3997.339336223278,1615.122869832056,6379.555802614501,4764.432932782445
2025-01-01 04:00:00,3998.339668495738,1616.0204317411021,6380.658905250373,4764.638473509271
2025-01-01 05:00:00,3998.7630151508765,1616.312988986454,6381.213041315299,4764.900052328845
2025-01-01 06:00:00,3998.8043040187604,1616.19815686038,6381.41045117714,4765.21229431676
2025-01-01 07:00:00,3998.7359744252235,1615.960988252847,6381.5109605975995,4765.549972344752
2025-01-01 08:00:00,3998.778738568092,1615.8364631260047,6381.72101401018,4765.884550884175
2025-01-01 09:00:00,3999.0359801048257,1615.9367828322625,6382.1351773773895,4766.198394545127
2025-01-01 10:00:00,3999.4948109904612,1616.250592981734,6382.739028999189,4766.488436017455
2025-01-01 11:00:00,4000.0706299575177,1616.6898039513162,6383.451455963719,4766.761652012403
2025-01-01 12:00:00,4000.663521368096,1617.1492771422386,6384.177765593953,4767.028488451715
2025-01-01 13:00:00,4001.2011760309897,1617.552226579788,6384.850125482191,4767.297898902403
2025-01-01 14:00:00,4001.6567440523877,1617.869359297299,6385.444128807476,4767.574769510176
2025-01-01 15:00:00,4002.043443396252,1618.1136923736422,6385.973194418862,4767.859502045219
2025-01-01 16:00:00,4002.395893906056,1618.32124949335,6386.470538318761,4768.149288825411
2025-01-01 17:00:00,4002.7497504477396,1618.5296380381697,6386.96986285731,4768.44022481914
2025-01-01 18:00:00,4003.12789908882,1618.76330330673,6387.49249487091,4768.72919156418
2025-01-01 19:00:00,4003.536182982338,1619.0287840964393,6388.043581868236,4769.014797771797
2025-01-01 20:00:00,4003.967016772197,1619.3183615874223,6388.615671956972,4769.297310369549
2025-01-01 21:00:00,4004.4068327820746,1619.617846637826,6389.195818926323,4769.577972288497
2025-01-01 22:00:00,4004.8432417629297,1619.9141431824396,6389.772340343419,4769.85819716098
2025-01-01 23:00:00,4005.269304324323,1620.1998125370878,6390.338796111559,4770.13898357447
2025-01-02 00:00:00,4005.6842881374882,1620.473946255186,6390.89463001979,4770.420683764604
2025-01-02 01:00:00,4006.091825061723,1620.7402797328182,6391.443370390627,4770.703090657809
2025-01-02 02:00:00,4006.4970510990215,1621.0041982747875,6391.989903923255,4770.985705648467
2025-01-02 03:00:00,4006.904155378099,1621.2701421025154,6392.538168653682,4771.268026551166
2025-01-02 04:00:00,4007.315123144106,1621.5402535566936,6393.089992731519,4771.549739174825
2025-01-02 05:00:00,4007.7297393020635,1621.8143533483703,6393.645125255756,4771.8307719073855
2025-01-02 06:00:00,4008.146420809136,1622.090801007305,6394.202040610968,4772.111239603662
2025-01-02 07:00:00,4008.5632809242775,1622.3676127308845,6394.75894911767,4772.391336386786
2025-01-02 08:00:00,4008.978944677714,1622.6433269507288,6395.314562404699,4772.67123545397
2025-01-02 09:00:00,4009.3928928682253,1622.9173773210205,6395.86840841543,4772.95103109441
2025-01-02 10:00:00,4009.805365784592,1623.1900006773867,6396.420730891798,4773.230730214411
2025-01-02 11:00:00,4010.2170132868782,1623.4618734507571,6396.972153122999,4773.510279672242
2025-01-02 12:00:00,4010.628509847046,1623.7337063788164,6397.523313315276,4773.78960693646
2025-01-02 13:00:00,4011.040291734691,1624.0059646444165,6398.074618824965,4774.068654180548
2025-01-02 14:00:00,4011.452473790413,1624.2787762062358,6398.62617137459,4774.347395168354
2025-01-02 15:00:00,4011.8649158699636,1624.5519986527524,6399.177833087175,4774.625834434422
2025-01-02 16:00:00,4012.277362794297,1624.8253652278163,6399.729360360778,4774.903995132961
2025-01-02 17:00:00,4012.689579914842,1625.0986279032668,6400.280531926417,4775.18190402315
2025-01-02 18:00:00,4013.101434650207,1625.3716445336418,6400.831224766773,4775.459580233131
2025-01-02 19:00:00,4013.5129116813423,1625.6443963089314,6401.381427053753,4775.737030744822
2025-01-02 20:00:00,4013.9240787227077,1625.9169527211093,6401.931204724306,4776.014252003197
2025-01-02 21:00:00,4014.3350326559153,1626.1894151810989,6402.480650130732,4776.291234949633
2025-01-02 22:00:00,4014.7458530509343,1626.46186784579,6403.029838256079,4776.567970410289
2025-01-02 23:00:00,4015.1565780863643,1626.7343517438085,6403.57880442892,4776.844452685112
2025-01-03 00:00:00,4015.5672043053282,1627.0068640060308,6404.127544604626,4777.120680598595
2025-01-03 01:00:00,4015.9777021613068,1627.2793739192707,6404.676030403343,4777.396656484072
2025-01-03 02:00:00,4016.3880360985113,1627.551844002643,6405.22422819438,4777.672384191737
2025-01-03 03:00:00,4016.798180043508,1627.8242464406217,6405.772113646395,4777.947867205774
2025-01-03 04:00:00,4017.2081240306716,1628.0965702589187,6406.319677802425,4778.223107543507
2025-01-03 05:00:00,4017.617872489092,1628.3688196969588,6406.866925281225,4778.498105584266
2025-01-03 06:00:00,4018.0274376840625,1628.6410073967622,6407.413867971363,4778.7728605746015
2025-01-03 07:00:00,4018.4368324415746,1628.9131467476282,6407.960518135521,4779.047371387893
2025-01-03 08:00:00,4018.8460651452265,1629.1852465628122,6408.506883727641,4779.321637164829
2025-01-03 09:00:00,4019.2551381170906,1629.4573093001427,6409.0529669340385,4779.595657633896
2025-01-03 10:00:00,4019.6640488380162,1629.729332287799,6409.598765388233,4779.8694331004335
2025-01-03 11:00:00,4020.0727925776036,1630.0013104667432,6410.144274688464,4780.142964221721
2025-01-03 12:00:00,4020.4813649604366,1630.2732390973756,6410.689490823497,4780.416251726121
2025-01-03 13:00:00,4020.889763522246,1630.5451154215466,6411.234411622945,4780.689296201399
2025-01-03 14:00:00,4021.2979880138073,1630.8169390096136,6411.779037018001,4780.962098008387
2025-01-03 15:00:00,4021.7060397654645,1631.0887111106167,6412.323368420312,4781.234657309696
2025-01-03 16:00:00,4022.1139206727285,1631.3604335910954,6412.867407754362,4781.506974163267
2025-01-03 17:00:00,4022.5216323149843,1631.6321080033167,6413.411156626652,4781.779048623335
2025-01-03 18:00:00,4022.92917549433,1631.9037350902495,6413.95461589841,4782.050880808161
2025-01-03 19:00:00,4023.336550225072,1632.1753147649029,6414.497785685242,4782.322470920339
2025-01-03 20:00:00,4023.7437560239864,1632.446846409855,6415.040665638118,4782.593819228263
2025-01-03 21:00:00,4024.150792289157,1632.7183292746495,6415.583255303664,4782.864926029015
2025-01-03 22:00:00,4024.5576585942385,1632.9897627877217,6416.125554400755,4783.135791613034
2025-01-03 23:00:00,4024.964354816012,1633.261146694368,6416.667562937656,4783.406416243288
2025-01-04 00:00:00,4025.370881104026,1633.5324810281113,6417.209281179941,4783.67680015183
2025-01-04 01:00:00,4025.7772377576966,1633.8037659831475,6417.750709532245,4783.946943549097
2025-01-04 02:00:00,4026.183425088815,1634.0750017697633,6418.291848407867,4784.2168466381045
2025-01-04 03:00:00,4026.58944332632,1634.346188513076,6418.832698139564,4784.4865096264875
2025-01-04 04:00:00,4026.9952925848274,1634.6173262185243,6419.373258951131,4784.755932732607
2025-01-04 05:00:00,4027.4009728870165,1634.8884147943259,6419.9135309797075,4785.025116185381
2025-01-04 06:00:00,4027.806484213048,1635.1594541029722,6420.453514323124,4785.2940602201525
2025-01-04 07:00:00,4028.2118265491376,1635.4304440124297,6420.993209085846,4785.562765073416
2025-01-04 08:00:00,4028.6169999172507,1635.7013844278185,6421.532615406682,4785.8312309788635
2025-01-04 09:00:00,4029.02200438116,1635.9722752983048,6422.071733464016,4786.0994581657105
2025-01-04 10:00:00,4029.426840034657,1636.243116605057,6422.610563464257,4786.3674468592
2025-01-04 11:00:00,4029.8315069824466,1636.5139083412746,6423.149105623619,4786.635197282345
2025-01-04 12:00:00,4030.2360053234434,1636.7846504945292,6423.6873601523575,4786.902709657828
2025-01-04 13:00:00,4030.6403351419376,1637.0553430372943,6424.2253272465805,4787.169984209286
2025-01-04 14:00:00,4031.044496507287,1637.325985926434,6424.7630070881405,4787.437021161706
2025-01-04 15:00:00,4031.448489479335,1637.5965791087915,6425.300399849879,4787.703820741088
2025-01-04 16:00:00,4031.8523141155574,1637.8671225286912,6425.837505702424,4787.970383173733
2025-01-04 17:00:00,4032.255970476651,1638.1376161338553,6426.374324819446,4788.23670868559
2025-01-04 18:00:00,4032.6594586289857,1638.4080598780538,6426.910857379918,4788.502797501864
2025-01-04 19:00:00,4033.0627786440755,1638.6784537206113,6427.44710356754,4788.768649846928
2025-01-04 20:00:00,4033.4659305962678,1638.948797624007,6427.983063568528,4789.034265944521
2025-01-04 21:00:00,4033.868914560152,1639.2190915511524,6428.518737569151,4789.299646017998
2025-01-04 22:00:00,4034.2717306087434,1639.4893354634573,6429.05412575403,4789.564790290573
2025-01-04 23:00:00,4034.6743788128747,1639.759529320158,6429.589228305591,4789.829698985433
2025-01-05 00:00:00,4035.076859241604,1640.029673078729,6430.124045404478,4790.09437232575
2025-01-05 01:00:00,4035.479171963144,1640.2997666958636,6430.658577230424,4790.358810534561
2025-01-05 02:00:00,4035.8813170457825,1640.5698101284406,6431.192823963124,4790.623013834684
2025-01-05 03:00:00,4036.283294558446,1640.8398033341155,6431.7267857827765,4790.886982448661
2025-01-05 04:00:00,4036.6851045708227,1641.109746271462,6432.260462870183,4791.1507165987205
2025-01-05 05:00:00,4037.086747153144,1641.3796388997494,6432.793855406539,4791.41421650679
2025-01-05 06:00:00,4037.4882223758227,1641.6494811785665,6433.326963573079,4791.6774823945125
2025-01-05 07:00:00,4037.889530309138,1641.9192730674836,6433.859787550793,4791.940514483309
2025-01-05 08:00:00,4038.2906710230673,1642.1890145258772,6434.392327520258,4792.203312994381
2025-01-05 09:00:00,4038.6916445872757,1642.4587055129173,6434.924583661634,4792.465878148716
2025-01-05 10:00:00,4039.0924510712193,1642.728345987674,6435.456556154764,4792.72821016709
2025-01-05 11:00:00,4039.4930905442784,1642.9979359092545,6435.988245179302,4792.990309270048
2025-01-05 12:00:00,4039.8935630758647,1643.2674752369076,6436.519650914822,4793.252175677914
2025-01-05 13:00:00,4040.2938687354685,1643.5369639300784,6437.050773540859,4793.51380961078
2025-01-05 14:00:00,4040.694007592649,1643.8064019483995,6437.581613236898,4793.775211288499
2025-01-05 15:00:00,4041.0939797169913,1644.075789251655,6438.112170182328,4794.036380930673
2025-01-05 16:00:00,4041.493785178056,1644.3451257997322,6438.64244455638,4794.297318756648
2025-01-05 17:00:00,4041.8934240453473,1644.614411552583,6439.1724365381115,4794.558024985528
2025-01-05 18:00:00,4042.2928963882996,1644.8836464701953,6439.702146306404,4794.8184998362085
2025-01-05 19:00:00,4042.692202276286,1645.152830512603,6440.231574039969,4795.078743527366
2025-01-05 20:00:00,4043.0913417786337,1645.4219636399152,6440.760719917353,4795.338756277437
2025-01-05 21:00:00,4043.490314964643,1645.6910458123252,6441.289584116961,4795.598538304635
2025-01-05 22:00:00,4043.8891219035986,1645.9600769901226,6441.818166817075,4795.858089826952
2025-01-05 23:00:00,4044.2877626647705,1646.229057133697,6442.346468195844,4796.117411062147
2025-01-06 00:00:00,4044.686237317411,1646.4979862035489,6442.874488431273,4796.376502227724
2025-01-06 01:00:00,4045.0845459307484,1646.7668641602768,6443.40222770122,4796.635363540943
2025-01-06 02:00:00,4045.4826885739785,1647.0356909645557,6443.929686183401,4796.893995218845
2025-01-06 03:00:00,4045.8806653162637,1647.3044665771263,6444.456864055401,4797.152397478274
2025-01-06 04:00:00,4046.278476226734,1647.5731909588071,6444.983761494661,4797.410570535854
2025-01-06 05:00:00,4046.676121374484,1647.8418640705108,6445.510378678457,4797.668514607945
2025-01-06 06:00:00,4047.073600828582,1648.1104858732465,6446.036715783917,4797.92622991067
2025-01-06 07:00:00,4047.470914658067,1648.379056328106,6446.562772988029,4798.183716659923
2025-01-06 08:00:00,4047.8680629319506,1648.647575396256,6447.088550467645,4798.440975071389
2025-01-06 09:00:00,4048.2650457192176,1648.9160430389497,6447.614048399486,4798.698005360537
2025-01-06 10:00:00,4048.661863088826,1649.1844592175298,6448.139266960123,4798.954807742593
2025-01-06 11:00:00,4049.0585151097057,1649.4528238934313,6448.664206325981,4799.21138243255
2025-01-06 12:00:00,4049.4550018507557,1649.7211370281716,6449.188866673339,4799.467729645168
2025-01-06 13:00:00,4049.8513233808467,1649.9893985833492,6449.713248178345,4799.723849594995
2025-01-06 14:00:00,4050.2474797688196,1650.2576085206424,6450.237351016996,4799.979742496354
2025-01-06 15:00:00,4050.6434710834865,1650.5257668018148,6450.761175365158,4800.235408563343
2025-01-06 16:00:00,4051.0392973936305,1650.7938733887167,6451.284721398544,4800.4908480098275
2025-01-06 17:00:00,4051.4349587680063,1651.0619282432826,6451.80798929273,4800.746061049447
2025-01-06 18:00:00,4051.8304552753407,1651.3299313275343,6452.330979223147,4801.001047895612
2025-01-06 19:00:00,4052.225786984332,1651.597882603579,6452.853691365085,4801.255808761506
2025-01-06 20:00:00,4052.62095396365,1651.8657820336052,6453.376125893696,4801.510343860091
2025-01-06 21:00:00,4053.0159562819363,1652.1336295798792,6453.898282983993,4801.764653404114
2025-01-06 22:00:00,4053.410794007802,1652.4014252047505,6454.420162810853,4802.018737606102
2025-01-06 23:00:00,4053.805467209831,1652.669168870655,6454.941765549007,4802.272596678352
2025-01-07 00:00:00,4054.199975956578,1652.9368605401178,6455.463091373038,4802.52623083292
2025-01-07 01:00:00,4054.5943203165693,1653.2045001757433,6455.984140457395,4802.779640281652
2025-01-07 02:00:00,4054.988500358303,1653.4720877402174,6456.504912976388,4803.0328252361705
2025-01-07 03:00:00,4055.3825161502486,1653.7396231963112,6457.025409104186,4803.285785907875
2025-01-07 04:00:00,4055.776367760847,1654.0071065068828,6457.54562901481,4803.538522507928
2025-01-07 05:00:00,4056.1700552585094,1654.2745376348648,6458.065572882154,4803.791035247289
2025-01-07 06:00:00,4056.5635787116203,1654.5419165432695,6458.585240879971,4804.0433243367015
2025-01-07 07:00:00,4056.956938188535,1654.8092431951914,6459.104633181878,4804.295389986686
2025-01-07 08:00:00,4057.3501337575804,1655.0765175538154,6459.623749961345,4804.54723240753
2025-01-07 09:00:00,4057.743165487055,1655.3437395824094,6460.142591391701,4804.798851809292
2025-01-07 10:00:00,4058.1360334452283,1655.6109092443194,6460.661157646137,4805.050248401818
2025-01-07 11:00:00,4058.5287377003415,1655.878026502971,6461.179448897712,4805.301422394741
2025-01-07 12:00:00,4058.9212783206076,1656.1450913218782,6461.697465319337,4805.55237399746
2025-01-07 13:00:00,4059.3136553742115,1656.4121036646343,6462.215207083789,4805.803103419155
2025-01-07 14:00:00,4059.7058689293085,1656.6790634949102,6462.732674363707,4806.053610868797
2025-01-07 15:00:00,4060.0979190540274,1656.9459707764586,6463.249867331597,4806.303896555139
2025-01-07 16:00:00,4060.489805816467,1657.2128254731074,6463.7667861598275,4806.5539606867205
2025-01-07 17:00:00,4060.881529284699,1657.479627548773,6464.283431020625,4806.803803471852
2025-01-07 18:00:00,4061.273089526765,1657.7463769674587,6464.799802086071,4807.053425118613
2025-01-07 19:00:00,4061.66448661068,1658.0130736932474,6465.315899528112,4807.302825834864
2025-01-07 20:00:00,4062.05572060443,1658.2797176902973,6465.831723518562,4807.5520058282655
2025-01-07 21:00:00,4062.4467915759724,1658.5463089228438,6466.3472742291015,4807.800965306258
2025-01-07 22:00:00,4062.837699593236,1658.812847355202,6466.862551831269,4808.049704476067
2025-01-07 23:00:00,4063.2284447241213,1659.0793329517733,6467.377556496469,4808.298223544696
2025-01-08 00:00:00,4063.6190270365023,1659.3457656770443,6467.89228839596,4808.546522718916
2025-01-08 01:00:00,4064.009446598222,1659.6121454955714,6468.406747700872,4808.7946022053
2025-01-08 02:00:00,4064.3997034770973,1659.8784723719946,6468.9209345822,4809.0424622102055
2025-01-08 03:00:00,4064.7897977409166,1660.1447462710325,6469.4348492108,4809.290102939767
2025-01-08 04:00:00,4065.1797294574394,1660.410967157486,6469.948491757393,4809.537524599907
2025-01-08 05:00:00,4065.5694986943963,1660.6771349962369,6470.461862392556,4809.78472739632
2025-01-08 06:00:00,4065.959105519491,1660.9432497522457,6470.974961286736,4810.031711534491
2025-01-08 07:00:00,4066.3485500003985,1661.2093113905516,6471.487788610246,4810.278477219694
2025-01-08 08:00:00,4066.7378322047657,1661.4753198762724,6472.000344533259,4810.525024656987
2025-01-08 09:00:00,4067.1269522002112,1661.7412751746015,6472.512629225821,4810.7713540512195
2025-01-08 10:00:00,4067.515910054325,1662.0071772508104,6473.024642857839,4811.0174656070285
2025-01-08 11:00:00,4067.904705834669,1662.273026070256,6473.536385599082,4811.263359528826
2025-01-08 12:00:00,4068.2933396087774,1662.5388215983767,6474.047857619178,4811.509036020801
2025-01-08 13:00:00,4068.6818114441558,1662.804563800683,6474.559059087629,4811.754495286947
2025-01-08 14:00:00,4069.070121408283,1663.0702526427626,6475.069990173803,4811.9997375310395
2025-01-08 15:00:00,4069.458269568608,1663.3358880902838,6475.580651046932,4812.244762956649
2025-01-08 16:00:00,4069.846255992553,1663.601470108999,6476.091041876107,4812.489571767108
2025-01-08 17:00:00,4070.234080747511,1663.8669986647346,6476.601162830288,4812.734164165553
2025-01-08 18:00:00,4070.6217439008474,1664.1324737233876,6477.111014078308,4812.9785403549195
2025-01-08 19:00:00,4071.009245519899,1664.3978952509392,6477.62059578886,4813.222700537921
2025-01-08 20:00:00,4071.3965856719765,1664.6632632134492,6478.129908130504,4813.4666449170545
2025-01-08 21:00:00,4071.78376442436,1664.9285775770518,6478.638951271669,4813.710373694617
2025-01-08 22:00:00,4072.170781844303,1665.1938383079614,6479.147725380644,4813.953887072683
2025-01-08 23:00:00,4072.5576379990307,1665.4590453724763,6479.6562306255855,4814.19718525311
2025-01-09 00:00:00,4072.9443329557403,1665.7241987369675,6480.1644671745125,4814.4402684375455
2025-01-09 01:00:00,4073.330866781601,1665.9892983678797,6480.672435195322,4814.683136827442
2025-01-09 02:00:00,4073.7172395437537,1666.25434423173,6481.180134855777,4814.925790624047
2025-01-09 03:00:00,4074.103451309312,1666.5193362951159,6481.687566323508,4815.168230028392
2025-01-09 04:00:00,4074.4895021453613,1666.784274524714,6482.194729766008,4815.410455241294
2025-01-09 05:00:00,4074.8753921189577,1667.0491588872806,6482.701625350635,4815.652466463354
2025-01-09 06:00:00,4075.2611212971315,1667.3139893496555,6483.2082532446075,4815.894263894952
2025-01-09 07:00:00,4075.6466897468836,1667.5787658787494,6483.714613615018,4816.135847736268
2025-01-09 08:00:00,4076.032097535187,1667.843488441537,6484.220706628837,4816.377218187301
2025-01-09 09:00:00,4076.417344728988,1668.108157005071,6484.726532452905,4816.618375447834
2025-01-09 10:00:00,4076.8024313952046,1668.3727715364812,6485.232091253928,4816.859319717447
2025-01-09 11:00:00,4077.187357600727,1668.6373320029825,6485.737383198471,4817.100051195489
2025-01-09 12:00:00,4077.572123412416,1668.9018383718699,6486.242408452963,4817.340570081093
2025-01-09 13:00:00,4077.9567288971066,1669.1662906105134,6486.747167183699,4817.580876573185
2025-01-09 14:00:00,4078.3411741216046,1669.4306886863487,6487.25165955686,4817.820970870512
2025-01-09 15:00:00,4078.7254591526885,1669.6950325668822,6487.755885738495,4818.0608531716125
2025-01-09 16:00:00,4079.1095840571083,1669.9593222197032,6488.259845894514,4818.30052367481
2025-01-09 17:00:00,4079.493548901587,1670.2235576124795,6488.763540190695,4818.539982578215
2025-01-09 18:00:00,4079.8773537528195,1670.487738712955,6489.266968792685,4818.77923007973
2025-01-09 19:00:00,4080.2609986774723,1670.7518654889423,6489.770131866002,4819.018266377059
2025-01-09 20:00:00,4080.6444837421855,1671.015937908333,6490.2730295760375,4819.257091667705
2025-01-09 21:00:00,4081.0278090135707,1671.2799559390878,6490.775662088054,4819.495706148966
2025-01-09 22:00:00,4081.410974558212,1671.5439195492486,6491.278029567175,4819.734110017926
2025-01-09 23:00:00,4081.793980442665,1671.807828706931,6491.780132178399,4819.972303471468
2025-01-10 00:00:00,4082.1768267334583,1672.0716833803212,6492.281970086595,4820.210286706273
2025-01-10 01:00:00,4082.5595134970927,1672.335483537684,6492.783543456501,4820.448059918817
2025-01-10 02:00:00,4082.9420408000415,1672.5992291473626,6493.28485245272,4820.685623305357
2025-01-10 03:00:00,4083.3244087087487,1672.8629201777653,6493.785897239732,4820.922977061966
2025-01-10 04:00:00,4083.7066172896325,1673.1265565973758,6494.286677981889,4821.160121384513
2025-01-10 05:00:00,4084.088666609083,1673.390138374757,6494.7871948434085,4821.3970564686515
2025-01-10 06:00:00,4084.4705567334618,1673.6536654785464,6495.287447988378,4821.633782509831
2025-01-10 07:00:00,4084.852287729104,1673.9171378774508,6495.787437580757,4821.870299703306
2025-01-10 08:00:00,4085.2338596623163,1674.1805555402493,6496.287163784384,4822.106608244134
2025-01-10 09:00:00,4085.6152725993784,1674.4439184357934,6496.786626762963,4822.34270832717
2025-01-10 10:00:00,4085.996526606542,1674.7072265330103,6497.285826680074,4822.578600147064
2025-01-10 11:00:00,4086.3776217500304,1674.9704798009038,6497.784763699157,4822.814283898253
2025-01-10 12:00:00,4086.75855809604,1675.2336782085508,6498.283437983529,4823.049759774978
2025-01-10 13:00:00,4087.13933571074,1675.4968217250967,6498.781849696383,4823.285027971286
2025-01-10 14:00:00,4087.5199546602717,1675.759910319755,6499.279999000788,4823.520088681033
2025-01-10 15:00:00,4087.90041501075,1676.0229439618188,6499.777886059681,4823.754942097862
2025-01-10 16:00:00,4088.2807168282598,1676.2859226206592,6500.27551103586,4823.989588415201
2025-01-10 17:00:00,4088.6608601788607,1676.5488462657208,6500.772874092001,4824.22402782628
2025-01-10 18:00:00,4089.040845128583,1676.8117148665096,6501.269975390656,4824.458260524147
2025-01-10 19:00:00,4089.42067174343,1677.074528392604,6501.766815094255,4824.692286701651
2025-01-10 20:00:00,4089.8003400893786,1677.3372868136616,6502.263393365096,4824.926106551435
2025-01-10 21:00:00,4090.1798502323763,1677.5999900994093,6502.759710365343,4825.159720265934
2025-01-10 22:00:00,4090.559202238345,1677.8626382196508,6503.255766257039,4825.393128037388
2025-01-10 23:00:00,4090.9383961731783,1678.12523114426,6503.751561202096,4825.626330057836
2025-01-11 00:00:00,4091.3174321027427,1678.3877688431835,6504.2470953623015,4825.8593265191175
2025-01-11 01:00:00,4091.696310092877,1678.6502512864372,6504.742368899317,4826.0921176128795
2025-01-11 02:00:00,4092.0750302093925,1678.9126784441014,6505.237381974684,4826.324703530582
2025-01-11 03:00:00,4092.453592518073,1679.1750502863288,6505.732134749817,4826.5570844634885
2025-01-11 04:00:00,4092.831997084675,1679.437366783347,6506.226627386003,4826.789260602656
2025-01-11 05:00:00,4093.210243974928,1679.6996279054588,6506.720860044397,4827.021232138939
2025-01-11 06:00:00,4093.588333254533,1679.9618336230415,6507.214832886025,4827.252999262983
2025-01-11 07:00:00,4093.966264989165,1680.2239839065446,6507.708546071786,4827.484562165242
2025-01-11 08:00:00,4094.344039244471,1680.486078726483,6508.201999762459,4827.715921035977
2025-01-11 09:00:00,4094.7216560860697,1680.7481180534396,6508.6951941187,4827.94707606526
2025-01-11 10:00:00,4095.0991155795546,1681.0101018580667,6509.188129301043,4828.178027442977
2025-01-11 11:00:00,4095.47641779049,1681.272030111089,6509.68080546989,4828.408775358801
2025-01-11 12:00:00,4095.853562784414,1681.533902783306,6510.173222785522,4828.639320002216
2025-01-11 13:00:00,4096.230550626836,1681.7957198455779,6510.665381408094,4828.869661562516
2025-01-11 14:00:00,4096.607381383238,1682.0574812688383,6511.157281497638,4829.0998002288
2025-01-11 15:00:00,4096.984055119078,1682.3191870241003,6511.648923214056,4829.329736189955
2025-01-11 16:00:00,4097.360571899784,1682.5808370824466,6512.140306717121,4829.559469634674
2025-01-11 17:00:00,4097.736931790756,1682.8424314150307,6512.631432166481,4829.789000751451
2025-01-11 18:00:00,4098.11313485737,1683.1039699930743,6513.1222997216655,4830.018329728591
2025-01-11 19:00:00,4098.489181164971,1683.3654527878602,6513.612909542082,4830.247456754221
2025-01-11 20:00:00,4098.86507077888,1683.626879770738,6514.103261787022,4830.476382016284
2025-01-11 21:00:00,4099.240803764389,1683.8882509131322,6514.5933566156455,4830.705105702513
2025-01-11 22:00:00,4099.616380186762,1684.1495661865374,6515.083194186987,4830.93362800045
2025-01-11 23:00:00,4099.991800111237,1684.4108255625179,6515.572774659957,4831.161949097439
2025-01-12 00:00:00,4100.367063603025,1684.6720290127137,6516.062098193335,4831.390069180621
2025-01-12 01:00:00,4100.742170727308,1684.9331765088373,6516.5511649457785,4831.617988436941
2025-01-12 02:00:00,4101.117121549245,1685.1942680226607,6517.03997507583,4831.8457070531695
2025-01-12 03:00:00,4101.491916133962,1685.4553035260178,6517.5285287419065,4832.073225215889
2025-01-12 04:00:00,4101.866554546565,1685.7162829908207,6518.016826102308,4832.300543111487
2025-01-12 05:00:00,4102.241036852125,1685.9772063890446,6518.504867315205,4832.52766092616
2025-01-12 06:00:00,4102.615363115693,1686.2380736927394,6518.992652538647,4832.754578845908
2025-01-12 07:00:00,4102.989533402288,1686.4988848740227,6519.480181930552,4832.981297056529
2025-01-12 08:00:00,4103.363547776904,1686.7596399050863,6519.967455648722,4833.207815743635
2025-01-12 09:00:00,4103.737406304508,1687.0203387581837,6520.454473850832,4833.434135092648
2025-01-12 10:00:00,4104.11110905004,1687.2809814056359,6520.941236694443,4833.660255288807
2025-01-12 11:00:00,4104.48465607841,1687.54156781983,6521.42774433699,4833.8861765171605
2025-01-12 12:00:00,4104.858047454506,1687.8020979732241,6521.9139969357875,4834.111898962563
2025-01-12 13:00:00,4105.231283243184,1688.0625718383362,6522.399994648033,4834.337422809696
2025-01-12 14:00:00,4105.6043635092765,1688.322989387757,6522.885737630796,4834.562748243039
2025-01-12 15:00:00,4105.977288317587,1688.5833505941437,6523.371226041031,4834.7878754468875
2025-01-12 16:00:00,4106.350057732894,1688.8436554302307,6523.856460035558,4835.012804605327
2025-01-12 17:00:00,4106.722671819947,1689.1039038688227,6524.341439771071,4835.237535902248
2025-01-12 18:00:00,4107.09513064347,1689.3640958827855,6524.826165404154,4835.462069521369
2025-01-12 19:00:00,4107.467434268158,1689.624231445045,6525.310637091272,4835.686405646227
2025-01-12 20:00:00,4107.839582758683,1689.8843105285928,6525.794854988773,4835.910544460181
2025-01-12 21:00:00,4108.211576179684,1690.1443331064916,6526.278819252877,4836.134486146386
2025-01-12 22:00:00,4108.583414595779,1690.4042991518781,6526.762530039679,4836.358230887801
2025-01-12 23:00:00,4108.955098071555,1690.6642086379507,6527.245987505159,4836.581778867208
2025-01-13 00:00:00,4109.326626671575,1690.9240615379745,6527.729191805174,4836.805130267199
2025-01-13 01:00:00,4109.698000460373,1691.1838578252805,6528.212143095465,4837.028285270184
2025-01-13 02:00:00,4110.069219502457,1691.443597473267,6528.6948415316465,4837.25124405838
2025-01-13 03:00:00,4110.440283862307,1691.7032804553996,6529.1772872692145,4837.474006813814
2025-01-13 04:00:00,4110.811193604379,1691.9629067452133,6529.659480463544,4837.696573718331
2025-01-13 05:00:00,4111.181948793098,1692.22247631631,6530.1414212698855,4837.918944953575
2025-01-13 06:00:00,4111.552549492866,1692.4819891423513,6530.623109843381,4838.14112070103
2025-01-13 07:00:00,4111.922995768056,1692.7414451970603,6531.104546339053,4838.363101141993
2025-01-13 08:00:00,4112.293287683016,1693.000844454229,6531.585730911804,4838.584886457575
2025-01-13 09:00:00,4112.663425302065,1693.2601868877168,6532.066663716412,4838.806476828695
2025-01-13 10:00:00,4113.033408689496,1693.5194724714556,6532.547344907537,4839.027872436081
2025-01-13 11:00:00,4113.403237909575,1693.7787011794394,6533.027774639711,4839.2490734602725
2025-01-13 12:00:00,4113.772913026543,1694.0378729857302,6533.5079530673565,4839.470080081626
2025-01-13 13:00:00,4114.142434104612,1694.2969878644494,6533.9878803447755,4839.6908924803265
2025-01-13 14:00:00,4114.511801207967,1694.5560457897836,6534.467556626151,4839.911510836368
2025-01-13 15:00:00,4114.881014400768,1694.8150467359865,6534.94698206555,4840.131935329564
2025-01-13 16:00:00,4115.250073747148,1695.0739906773802,6535.426156816917,4840.352166139537
2025-01-13 17:00:00,4115.618979311213,1695.3328775883533,6535.905081034072,4840.572203445719
2025-01-13 18:00:00,4115.98773115704,1695.5917074433532,6536.383754870727,4840.792047427374
2025-01-13 19:00:00,4116.356329348685,1695.8504802168945,6536.862178480475,4841.011698263581
2025-01-13 20:00:00,4116.724773950171,1696.1091958835518,6537.34035201679,4841.231156133239
2025-01-13 21:00:00,4117.093065025498,1696.3678544179688,6537.818275633026,4841.450421215057
2025-01-13 22:00:00,4117.4612026386385,1696.6264557948552,6538.295949482422,4841.6694936875665
2025-01-13 23:00:00,4117.829186853537,1696.8849999889835,6538.773373718091,4841.888373729107
2025-01-14 00:00:00,4118.1970177341145,1697.143486975201,6539.250548493028,4842.107061517827
2025-01-14 01:00:00,4118.564695344262,1697.4019167284087,6539.727473960115,4842.325557231707
2025-01-14 02:00:00,4118.932219747847,1697.6602892235728,6540.20415027212,4842.543861048547
2025-01-14 03:00:00,4119.299591008707,1697.9186044357143,6540.680577581699,4842.761973145985
2025-01-14 04:00:00,4119.666809190655,1698.176862339923,6541.156756041387,4842.979893701464
2025-01-14 05:00:00,4120.0338743574775,1698.4350629113546,6541.632685803601,4843.197622892247
2025-01-14 06:00:00,4120.400786572934,1698.6932061252323,6542.108367020635,4843.4151608954035
2025-01-14 07:00:00,4120.767545900757,1698.9512919568424,6542.583799844671,4843.632507887829
2025-01-14 08:00:00,4121.134152404652,1699.2093203815316,6543.058984427773,4843.849664046242
2025-01-14 09:00:00,4121.5006061483,1699.4672913747186,6543.533920921882,4844.066629547164
2025-01-14 10:00:00,4121.8669071953545,1699.7252049118829,6544.008609478826,4844.283404566942
2025-01-14 11:00:00,4122.23305560944,1699.983060968561,6544.483050250319,4844.499989281758
2025-01-14 12:00:00,4122.59905145416,1700.2408595203538,6544.957243387966,4844.7163838676115
2025-01-14 13:00:00,4122.9648947930855,1700.4986005429246,6545.431189043246,4844.932588500322
2025-01-14 14:00:00,4123.330585689765,1700.7562840120013,6545.904887367529,4845.148603355528
2025-01-14 15:00:00,4123.69612420772,1701.0139099033736,6546.378338512066,4845.364428608693
2025-01-14 16:00:00,4124.061510410443,1701.2714781928917,6546.851542627994,4845.580064435102
2025-01-14 17:00:00,4124.426744361403,1701.5289888564726,6547.324499866332,4845.795511009859
2025-01-14 18:00:00,4124.791826124039,1701.7864418701006,6547.7972103779775,4846.0107685078765
2025-01-14 19:00:00,4125.15675576177,1702.0438372098238,6548.269674313717,4846.225837103893
2025-01-14 20:00:00,4125.521533337982,1702.3011748517401,6548.741891824224,4846.440716972484
2025-01-14 21:00:00,4125.886158916037,1702.558454772011,6549.213863060063,4846.655408288052
2025-01-14 22:00:00,4126.250632559271,1702.8156769468646,6549.685588171678,4846.869911224814
2025-01-14 23:00:00,4126.614954330993,1703.0728413525935,6550.157067309392,4847.084225956798
2025-01-15 00:00:00,4126.9791242944875,1703.3299479655561,6550.628300623419,4847.298352657863
2025-01-15 01:00:00,4127.34314251301,1703.5869967621725,6551.0992882638475,4847.512291501675
2025-01-15 02:00:00,4127.70700904979,1703.8439877189207,6551.570030380659,4847.726042661738
2025-01-15 03:00:00,4128.070723968032,1704.1009208123337,6552.0405271237305,4847.939606311396
2025-01-15 04:00:00,4128.434287330914,1704.3577960190023,6552.510778642826,4848.152982623824
2025-01-15 05:00:00,4128.7976992015865,1704.6146133155858,6552.980785087588,4848.366171772002
2025-01-15 06:00:00,4129.160959643174,1704.871372678811,6553.450546607536,4848.579173928725
2025-01-15 07:00:00,4129.524068718776,1705.1280740854722,6553.9200633520795,4848.791989266607
2025-01-15 08:00:00,4129.887026491465,1705.3847175124192,6554.389335470511,4849.004617958091
2025-01-15 09:00:00,4130.249833024285,1705.6413029365535,6554.858363112016,4849.217060175462
2025-01-15 10:00:00,4130.612488380259,1705.8978303348345,6555.327146425683,4849.429316090849
2025-01-15 11:00:00,4130.974992622378,1706.1542996842913,6555.795685560464,4849.641385876173
2025-01-15 12:00:00,4131.337345813609,1706.4107109620177,6556.2639806652005,4849.853269703182
2025-01-15 13:00:00,4131.699548016895,1706.667064145172,6556.732031888619,4850.064967743447
2025-01-15 14:00:00,4132.061599295149,1706.9233592109645,6557.199839379333,4850.276480168368
2025-01-15 15:00:00,4132.42349971126,1707.179596136666,6557.667403285854,4850.487807149188
2025-01-15 16:00:00,4132.78524932809,1707.4357748996094,6558.13472375657,4850.69894885696
2025-01-15 17:00:00,4133.146848208475,1707.6918954771886,6558.601800939761,4850.909905462573
2025-01-15 18:00:00,4133.508296415225,1707.9479578468558,6559.068634983594,4851.120677136738
2025-01-15 19:00:00,4133.869594011126,1708.2039619861284,6559.535226036123,4851.331264049995
2025-01-15 20:00:00,4134.230741058932,1708.4599078725819,6560.0015742452815,4851.541666372699
2025-01-15 21:00:00,4134.591737621377,1708.71579548385,6560.467679758905,4851.751884275056
2025-01-15 22:00:00,4134.952583761165,1708.971624797623,6560.933542724708,4851.961917927085
2025-01-15 23:00:00,4135.3132795409765,1709.2273957916582,6561.399163290294,4852.171767498636
2025-01-16 00:00:00,4135.673825023464,1709.4831084437747,6561.864541603153,4852.3814331593785
2025-01-16 01:00:00,4136.0342202712545,1709.7387627318444,6562.329677810665,4852.590915078821
2025-01-16 02:00:00,4136.394465346948,1709.9943586337945,6562.794572060102,4852.800213426308
2025-01-16 03:00:00,4136.75456031312,1710.2498961276192,6563.259224498621,4853.009328371001
2025-01-16 04:00:00,4137.114505232319,1710.5053751913756,6563.7236352732625,4853.218260081887
2025-01-16 05:00:00,4137.4743001670695,1710.7607958031808,6564.187804530959,4853.427008727778
2025-01-16 06:00:00,4137.833945179866,1711.0161579412002,6564.6517324185315,4853.635574477332
2025-01-16 07:00:00,4138.19344033318,1711.2714615836612,6565.115419082698,4853.843957499037
2025-01-16 08:00:00,4138.552785689455,1711.5267067088544,6565.578864670056,4854.052157961201
2025-01-16 09:00:00,4138.91198131111,1711.7818932951354,6566.042069327084,4854.2601760319485
2025-01-16 10:00:00,4139.271027260537,1712.0370213209126,6566.505033200162,4854.468011879249
2025-01-16 11:00:00,4139.629923600104,1712.2920907646508,6566.967756435557,4854.675665670906
2025-01-16 12:00:00,4139.98867039215,1712.547101604876,6567.4302391794245,4854.8831375745485
2025-01-16 13:00:00,4140.34726769899,1712.8020538201768,6567.892481577805,4855.090427757628
2025-01-16 14:00:00,4140.705715582913,1713.0569473891942,6568.354483776633,4855.297536387439
2025-01-16 15:00:00,4141.064014106182,1713.3117822906224,6568.816245921742,4855.5044636311195
2025-01-16 16:00:00,4141.422163331033,1713.5665585032157,6569.2777681588495,4855.711209655634
2025-01-16 17:00:00,4141.780163319677,1713.8212760057959,6569.739050633558,4855.917774627762
2025-01-16 18:00:00,4142.138014134298,1714.0759347772419,6570.200093491354,4856.124158714112
2025-01-16 19:00:00,4142.495715837056,1714.3305347964956,6570.660896877616,4856.33036208112
2025-01-16 20:00:00,4142.853268490084,1714.5850760425492,6571.121460937618,4856.536384895069
2025-01-16 21:00:00,4143.210672155488,1714.8395584944533,6571.581785816523,4856.742227322069
2025-01-16 22:00:00,4143.56792689535,1715.0939821313145,6572.041871659385,4856.94788952807
2025-01-16 23:00:00,4143.9250327717255,1715.3483469322932,6572.501718611158,4857.153371678865
2025-01-17 00:00:00,4144.281989846643,1715.6026528766133,6572.961326816673,4857.35867394006
2025-01-17 01:00:00,4144.638798182108,1715.856899943562,6573.420696420654,4857.563796477092
2025-01-17 02:00:00,4144.995457840097,1716.1110881124732,6573.87982756772,4857.768739455247
2025-01-17 03:00:00,4145.351968882562,1716.365217362742,6574.338720402382,4857.9735030396405
2025-01-17 04:00:00,4145.708331371429,1716.6192876738241,6574.797375069034,4858.17808739521
2025-01-17 05:00:00,4146.0645453686,1716.873299025236,6575.255791711965,4858.382492686729
2025-01-17 06:00:00,4146.420610935948,1717.1272513965446,6575.713970475352,4858.586719078807
2025-01-17 07:00:00,4146.776528135324,1717.381144767376,6576.171911503272,4858.790766735896
2025-01-17 08:00:00,4147.132297028547,1717.634979117408,6576.629614939687,4858.994635822279
2025-01-17 09:00:00,4147.487917677418,1717.888754426384,6577.087080928453,4859.19832650207
2025-01-17 10:00:00,4147.843390143707,1718.1424706740959,6577.544309613319,4859.401838939222
2025-01-17 11:00:00,4148.198714489159,1718.3961278403958,6578.001301137922,4859.605173297527
2025-01-17 12:00:00,4148.553890775495,1718.649725905197,6578.458055645793,4859.808329740596
2025-01-17 13:00:00,4148.90891906441,1718.903264848465,6578.914573280355,4860.011308431891
2025-01-17 14:00:00,4149.263799417571,1719.1567446502236,6579.370854184919,4860.214109534696
2025-01-17 15:00:00,4149.618531896623,1719.4101652905556,6579.82689850269,4860.416733212134
2025-01-17 16:00:00,4149.973116563181,1719.6635267495953,6580.282706376767,4860.619179627172
2025-01-17 17:00:00,4150.327553478838,1719.916829007529,6580.738277950148,4860.821448942619
2025-01-17 18:00:00,4150.68184270516,1720.1700720446024,6581.193613365718,4861.023541321116
2025-01-17 19:00:00,4151.035984303688,1720.4232558411231,6581.648712766252,4861.225456925129
2025-01-17 20:00:00,4151.389978335935,1720.6763803774547,6582.103576294415,4861.42719591696
2025-01-17 21:00:00,4151.74382486339,1720.929445634009,6582.558204092771,4861.628758458763
2025-01-17 22:00:00,4152.0975239475165,1721.1824515912563,6583.012596303777,4861.830144712521
2025-01-17 23:00:00,4152.451075649753,1721.4353982297266,6583.466753069779,4862.031354840052
2025-01-18 00:00:00,4152.80448003151,1721.6882855300073,6583.920674533013,4862.232389003006
2025-01-18 01:00:00,4153.157737154176,1721.9411134727388,6584.3743608356135,4862.433247362875
2025-01-18 02:00:00,4153.510847079112,1722.1938820386126,6584.827812119611,4862.633930080998
2025-01-18 03:00:00,4153.863809867653,1722.4465912083724,6585.281028526933,4862.834437318561
2025-01-18 04:00:00,4154.216625581108,1722.6992409628192,6585.734010199397,4863.034769236578
2025-01-18 05:00:00,4154.569294280762,1722.9518312828163,6586.186757278707,4863.23492599589
2025-01-18 06:00:00,4154.921816027873,1723.2043621492835,6586.639269906464,4863.434907757181
2025-01-18 07:00:00,4155.274190883675,1723.4568335431914,6587.091548224159,4863.634714680968
2025-01-18 08:00:00,4155.626418909376,1723.709245445567,6587.543592373186,4863.834346927619
2025-01-18 09:00:00,4155.9785001661585,1723.96159783749,6587.995402494827,4864.033804657338
2025-01-18 10:00:00,4156.330434715179,1724.2138907000926,6588.446978730265,4864.233088030172
2025-01-18 11:00:00,4156.682222617566,1724.4661240145615,6588.898321220571,4864.43219720601
2025-01-18 12:00:00,4157.03386393443,1724.718297762145,6589.349430106715,4864.63113234457
2025-01-18 13:00:00,4157.385358726848,1724.9704119241387,6589.800305529557,4864.829893605418
2025-01-18 14:00:00,4157.736707055876,1725.2224664818918,6590.25094762986,4865.028481147969
2025-01-18 15:00:00,4158.087908982543,1725.4744614168121,6590.701356548274,4865.226895131462
2025-01-18 16:00:00,4158.438964567854,1725.7263967103736,6591.151532425334,4865.425135714961
2025-01-18 17:00:00,4158.789873872786,1725.9782723440962,6591.601475401476,4865.623203057379
2025-01-18 18:00:00,4159.140636958294,1726.2300882995496,6592.051185617038,4865.821097317488
2025-01-18 19:00:00,4159.491253885303,1726.4818445583537,6592.500663212253,4866.0188186539
2025-01-18 20:00:00,4159.841724714718,1726.7335411021836,6592.949908327253,4866.21636722507
2025-01-18 21:00:00,4160.1920495074155,1726.985177912767,6593.3989211020635,4866.413743189296
2025-01-18 22:00:00,4160.542228324246,1727.2367549718942,6593.847701676597,4866.610946704703
2025-01-18 23:00:00,4160.892261226038,1727.4882722614097,6594.296250190666,4866.807977929257
2025-01-19 00:00:00,4161.242148273589,1727.7397297632037,6594.744566783975,4867.004837020771
2025-01-19 01:00:00,4161.591889527677,1727.9911274592218,6595.192651596133,4867.201524136912
2025-01-19 02:00:00,4161.941485049052,1728.242465331467,6595.640504766638,4867.398039435171
2025-01-19 03:00:00,4162.290934898439,1728.4937433620007,6596.088126434878,4867.5943830728775
2025-01-19 04:00:00,4162.640239136538,1728.7449615329292,6596.535516740147,4867.790555207217
2025-01-19 05:00:00,4162.9893978240225,1728.9961198264095,6596.982675821635,4867.986555995225
2025-01-19 06:00:00,4163.338411021542,1729.247218224652,6597.429603818432,4868.18238559378
2025-01-19 07:00:00,4163.68727878972,1729.498256709926,6597.876300869514,4868.378044159588
2025-01-19 08:00:00,4164.036001189155,1729.7492352645554,6598.322767113756,4868.573531849201
2025-01-19 09:00:00,4164.384578280421,1730.000153870919,6598.769002689924,4868.768848819005
2025-01-19 10:00:00,4164.733010124066,1730.2510125114386,6599.215007736693,4868.963995225255
2025-01-19 11:00:00,4165.0812967806105,1730.5018111685881,6599.660782392633,4869.158971224046
2025-01-19 12:00:00,4165.429438310555,1730.7525498248988,6600.106326796212,4869.353776971313
2025-01-19 13:00:00,4165.777434774371,1731.0032284629515,6600.55164108579,4869.548412622838
2025-01-19 14:00:00,4166.1252862325055,1731.25384706539,6600.996725399621,4869.742878334231
2025-01-19 15:00:00,4166.472992745382,1731.5044056149063,6601.441579875857,4869.937174260951
2025-01-19 16:00:00,4166.820554373395,1731.7549040942408,6601.886204652548,4870.131300558307
2025-01-19 17:00:00,4167.1679711769175,1732.0053424861894,6602.330599867646,4870.325257381457
2025-01-19 18:00:00,4167.515243216296,1732.2557207735972,6602.7747656589945,4870.519044885397
2025-01-19 19:00:00,4167.862370551851,1732.506038939362,6603.21870216434,4870.712663224978
2025-01-19 20:00:00,4168.209353243879,1732.7562969664305,6603.662409521328,4870.906112554898
2025-01-19 21:00:00,4168.556191352651,1733.0064948378022,6604.105887867499,4871.099393029697
2025-01-19 22:00:00,4168.902884938414,1733.256632536537,6604.549137340291,4871.292504803754
2025-01-19 23:00:00,4169.2494340613885,1733.506710045744,6604.992158077033,4871.48544803129
2025-01-20 00:00:00,4169.59583878177,1733.7567273485815,6605.434950214958,4871.678222866376
2025-01-20 01:00:00,4169.94209915973,1734.0066844282587,6605.877513891201,4871.870829462941
2025-01-20 02:00:00,4170.288215255413,1734.2565812680327,6606.319849242793,4872.06326797476
2025-01-20 03:00:00,4170.6341871289405,1734.5064178512134,6606.761956406668,4872.255538555455
2025-01-20 04:00:00,4170.980014840407,1734.7561941611657,6607.203835519649,4872.447641358483
2025-01-20 05:00:00,4171.325698449884,1735.0059101813094,6607.645486718458,4872.639576537149
2025-01-20 06:00:00,4171.671238017416,1735.2555658951183,6608.086910139713,4872.831344244594
2025-01-20 07:00:00,4172.016633603023,1735.5051612861093,6608.528105919937,4873.022944633827
2025-01-20 08:00:00,4172.361885266702,1735.75469633785,6608.969074195555,4873.214377857705
2025-01-20 09:00:00,4172.706993068424,1736.004171033956,6609.409815102892,4873.405644068936
2025-01-20 10:00:00,4173.051957068132,1736.2535853580994,6609.850328778164,4873.596743420065
2025-01-20 11:00:00,4173.396777325748,1736.5029392940078,6610.290615357489,4873.787676063481
2025-01-20 12:00:00,4173.741453901168,1736.7522328254527,6610.730674976883,4873.9784421514305
2025-01-20 13:00:00,4174.085986854261,1737.0014659362541,6611.170507772268,4874.169041836014
2025-01-20 14:00:00,4174.4303762448735,1737.2506386102827,6611.610113879464,4874.359475269181
2025-01-20 15:00:00,4174.774622132825,1737.499750831466,6612.049493434184,4874.549742602718
2025-01-20 16:00:00,4175.118724577914,1737.7488025837874,6612.48864657204,4874.739843988253
2025-01-20 17:00:00,4175.462683639908,1737.9977938512693,6612.9275734285475,4874.929779577278
2025-01-20 18:00:00,4175.806499378556,1738.246724617988,6613.366274139124,4875.119549521136
2025-01-20 19:00:00,4176.1501718535765,1738.4955948680717,6613.804748839081,4875.309153971009
2025-01-20 20:00:00,4176.493701124666,1738.744404585701,6614.24299766363,4875.498593077929
2025-01-20 21:00:00,4176.837087251497,1738.9931537551042,6614.68102074789,4875.687866992786
2025-01-20 22:00:00,4177.180330293715,1739.241842360555,6615.118818226875,4875.87697586632
2025-01-20 23:00:00,4177.523430310942,1739.4904703863795,6615.556390235504,4876.065919849125
2025-01-21 00:00:00,4177.866387362774,1739.739037816957,6615.993736908591,4876.254699091634
2025-01-21 01:00:00,4178.209201508783,1739.9875446367114,6616.430858380854,4876.443313744143
2025-01-21 02:00:00,4178.551872808517,1740.235990830116,6616.867754786918,4876.631763956802
2025-01-21 03:00:00,4178.894401321497,1740.4843763816943,6617.304426261299,4876.820049879605
2025-01-21 04:00:00,4179.23678710722,1740.7327012760302,6617.74087293841,4877.008171662379
2025-01-21 05:00:00,4179.579030225161,1740.9809654977544,6618.177094952567,4877.196129454813
2025-01-21 06:00:00,4179.921130734767,1741.2291690315433,6618.61309243799,4877.383923406447
2025-01-21 07:00:00,4180.263088695459,1741.4773118621174,6619.048865528801,4877.571553666683
2025-01-21 08:00:00,4180.604904166638,1741.7253939742504,6619.484414359026,4877.759020384776
2025-01-21 09:00:00,4180.9465772076765,1741.9734153527675,6619.919739062585,4877.946323709817
2025-01-21 10:00:00,4181.288107877923,1742.2213759825431,6620.354839773303,4878.13346379076
2025-01-21 11:00:00,4181.6294962367,1742.469275848498,6620.789716624902,4878.320440776404
2025-01-21 12:00:00,4181.97074234331,1742.7171149356022,6621.2243697510185,4878.507254815417
2025-01-21 13:00:00,4182.3118462570255,1742.9648932288696,6621.658799285182,4878.693906056313
2025-01-21 14:00:00,4182.652808037097,1743.21261071337,6622.0930053608245,4878.8803946474545
2025-01-21 15:00:00,4182.9936277427505,1743.460267374221,6622.52698811128,4879.066720737059
2025-01-21 16:00:00,4183.334305433186,1743.707863196591,6622.960747669782,4879.252884473191
2025-01-21 17:00:00,4183.67484116758,1743.9553981656973,6623.3942841694625,4879.438886003765
2025-01-21 18:00:00,4184.015235005082,1744.2028722668024,6623.827597743362,4879.62472547656
2025-01-21 19:00:00,4184.355487004821,1744.4502854852167,6624.260688524426,4879.81040303921
2025-01-21 20:00:00,4184.6955972258975,1744.6976378062977,6624.693556645498,4879.9959188392
2025-01-21 21:00:00,4185.035565727389,1744.9449292154536,6625.126202239326,4880.181273023873
2025-01-21 22:00:00,4185.3753925683495,1745.1921596981447,6625.558625438554,4880.36646574041
2025-01-21 23:00:00,4185.715077807806,1745.43932923988,6625.990826375732,4880.551497135852
2025-01-22 00:00:00,4186.054621504762,1745.686437826213,6626.422805183311,4880.736367357098
2025-01-22 01:00:00,4186.394023718196,1745.9334854427425,6626.854561993649,4880.921076550907
2025-01-22 02:00:00,4186.733284507064,1746.1804720751165,6627.286096939011,4881.105624863894
2025-01-22 03:00:00,4187.072403930295,1746.4273977090306,6627.717410151559,4881.290012442529
2025-01-22 04:00:00,4187.411382046794,1746.6742623302316,6628.148501763356,4881.474239433124
2025-01-22 05:00:00,4187.750218915442,1746.9210659245164,6628.579371906368,4881.658305981851
2025-01-22 06:00:00,4188.088914595094,1747.1678084777227,6629.010020712465,4881.842212234742
2025-01-22 07:00:00,4188.427469144583,1747.414489975738,6629.440448313428,4882.02595833769
2025-01-22 08:00:00,4188.765882622716,1747.6611104044978,6629.870654840935,4882.209544436437
2025-01-22 09:00:00,4189.104155088275,1747.9076697499827,6630.300640426567,4882.392970676585
2025-01-22 10:00:00,4189.442286600019,1748.1541679982288,6630.730405201808,4882.576237203579
2025-01-22 11:00:00,4189.780277216681,1748.4006051353163,6631.159949298045,4882.759344162729
2025-01-22 12:00:00,4190.11812699697,1748.6469811473703,6631.58927284657,4882.942291699199
2025-01-22 13:00:00,4190.455835999572,1748.8932960205648,6632.018375978579,4883.125079958014
2025-01-22 14:00:00,4190.793404283145,1749.1395497411227,6632.4472588251665,4883.307709084043
2025-01-22 15:00:00,4191.130831906326,1749.3857422953079,6632.875921517345,4883.490179222037
2025-01-22 16:00:00,4191.468118927728,1749.6318736694288,6633.304364186028,4883.672490516599
2025-01-22 17:00:00,4191.805265405936,1749.8779438498386,6633.732586962033,4883.854643112194
2025-01-22 18:00:00,4192.1422713995125,1750.1239528229457,6634.16058997608,4884.0366371531345
2025-01-22 19:00:00,4192.4791369669965,1750.3699005752092,6634.588373358783,4884.218472783574
2025-01-22 20:00:00,4192.815862166901,1750.6157870931397,6635.0159372406615,4884.400150147521
2025-01-22 21:00:00,4193.152447057716,1750.8616123632937,6635.443281752138,4884.581669388845
2025-01-22 22:00:00,4193.488891697907,1751.1073763722666,6635.870407023547,4884.76303065128
2025-01-22 23:00:00,4193.825196145914,1751.3530791066923,6636.297313185135,4884.944234078443
2025-01-23 00:00:00,4194.161360460153,1751.598720553252,6636.724000367055,4885.125279813803
2025-01-23 01:00:00,4194.497384699016,1751.8443006986713,6637.150468699361,4885.30616800069
2025-01-23 02:00:00,4194.833268920871,1752.0898195297345,6637.576718312008,4885.486898782274
2025-01-23 03:00:00,4195.1690131840605,1752.3352770332704,6638.002749334851,4885.66747230158
2025-01-23 04:00:00,4195.504617546905,1752.5806731961593,6638.428561897651,4885.847888701492
2025-01-23 05:00:00,4195.840082067698,1752.826008005322,6638.8541561300735,4886.028148124751
2025-01-23 06:00:00,4196.17540680471,1753.0712814477206,6639.2795321616995,4886.2082507139785
2025-01-23 07:00:00,4196.510591816188,1753.3164935103632,6639.704690122013,4886.38819661165
2025-01-23 08:00:00,4196.845637160354,1753.5616441803045,6640.129630140404,4886.567985960099
2025-01-23 09:00:00,4197.180542895404,1753.8067334446441,6640.554352346164,4886.74761890152
2025-01-23 10:00:00,4197.515309079512,1754.0517612905328,6640.978856868491,4886.9270955779575
2025-01-23 11:00:00,4197.849935770827,1754.2967277051653,6641.403143836489,4887.106416131324
2025-01-23 12:00:00,4198.184423027475,1754.5416326757868,6641.8272133791625,4887.285580703376
2025-01-23 13:00:00,4198.518770907554,1754.7864761896785,6642.251065625431,4887.464589435753
2025-01-23 14:00:00,4198.852979469144,1755.0312582341708,6642.674700704118,4887.643442469947
2025-01-23 15:00:00,4199.1870487702945,1755.275978796638,6643.098118743951,4887.822139947313
2025-01-23 16:00:00,4199.520978869034,1755.5206378644984,6643.521319873569,4888.000682009071
2025-01-23 17:00:00,4199.854769823367,1755.76523542522,6643.944304221513,4888.179068796293
2025-01-23 18:00:00,4200.188421691273,1756.0097714663161,6644.36707191623,4888.357300449914
2025-01-23 19:00:00,4200.521934530707,1756.254245975348,6644.789623086066,4888.535377110718
2025-01-23 20:00:00,4200.855308399602,1756.4986589399218,6645.211957859283,4888.7132989193615
2025-01-23 21:00:00,4201.188543355865,1756.7430103476768,6645.634076364053,4888.8910660163765
2025-01-23 22:00:00,4201.521639457377,1756.9873001863016,6646.055978728453,4889.068678542151
2025-01-23 23:00:00,4201.854596761999,1757.2315284435363,6646.477665080462,4889.246136636926
2025-01-24 00:00:00,4202.187415327565,1757.4756951071658,6646.899135547964,4889.423440440798
2025-01-24 01:00:00,4202.520095211886,1757.7198001650204,6647.320390258751,4889.600590093731
2025-01-24 02:00:00,4202.852636472749,1757.9638436049686,6647.741429340529,4889.777585735561
2025-01-24 03:00:00,4203.185039167915,1758.2078254149228,6648.162252920908,4889.954427505985
2025-01-24 04:00:00,4203.5173033551255,1758.4517455828422,6648.582861127408,4890.131115544566
2025-01-24 05:00:00,4203.849429092093,1758.6956040967311,6649.0032540874545,4890.307649990724
2025-01-24 06:00:00,4204.181416436507,1758.9394009446387,6649.423431928375,4890.484030983736
2025-01-24 07:00:00,4204.513265446036,1759.1831361146583,6649.843394777414,4890.660258662756
2025-01-24 08:00:00,4204.844976178321,1759.4268095949255,6650.263142761717,4890.8363331667915
2025-01-24 09:00:00,4205.176548690982,1759.6704213736211,6650.682676008342,4891.012254634721
2025-01-24 10:00:00,4205.507983041612,1759.913971438972,6651.101994644251,4891.188023205279
2025-01-24 11:00:00,4205.839279287781,1760.1574597792528,6651.521098796309,4891.363639017056
2025-01-24 12:00:00,4206.170437487037,1760.4008863827808,6651.9399885912935,4891.539102208513
2025-01-24 13:00:00,4206.5014576969015,1760.6442512379094,6652.358664155894,4891.714412917985
2025-01-24 14:00:00,4206.832339974872,1760.8875543330355,6652.777125616709,4891.889571283673
2025-01-24 15:00:00,4207.163084378424,1761.130795656608,6653.19537310024,4892.0645774436325
2025-01-24 16:00:00,4207.493690965008,1761.3739751971202,6653.613406732895,4892.239431535774
2025-01-24 17:00:00,4207.824159792049,1761.6170929431064,6654.031226640991,4892.414133697885
2025-01-24 18:00:00,4208.1544909169515,1761.8601488831391,6654.448832950764,4892.588684067625
2025-01-24 19:00:00,4208.4846843970945,1762.1031430058342,6654.866225788355,4892.763082782521
2025-01-24 20:00:00,4208.814740289832,1762.3460752998558,6655.283405279808,4892.937329979952
2025-01-24 21:00:00,4209.144658652495,1762.5889457539142,6655.700371551076,4893.111425797162
2025-01-24 22:00:00,4209.474439542391,1762.8317543567646,6656.117124728018,4893.2853703712535
2025-01-24 23:00:00,4209.804083016802,1763.074501097201,6656.5336649364035,4893.459163839203
2025-01-25 00:00:00,4210.133589132988,1763.317185964056,6656.94999230192,4893.632806337864
2025-01-25 01:00:00,4210.462957948184,1763.5598089462023,6657.366106950167,4893.806298003965
2025-01-25 02:00:00,4210.792189519603,1763.8023700325648,6657.782009006642,4893.979638974077
2025-01-25 03:00:00,4211.12128390443,1764.0448692121117,6658.1976985967485,4894.152829384637
2025-01-25 04:00:00,4211.450241159831,1764.2873064738592,6658.613175845803,4894.325869371944
2025-01-25 05:00:00,4211.779061342947,1764.5296818068618,6659.028440879032,4894.49875907217
2025-01-25 06:00:00,4212.107744510892,1764.7719952002094,6659.4434938215745,4894.671498621365
2025-01-25 07:00:00,4212.436290720759,1765.014246643032,6659.858334798486,4894.844088155454
2025-01-25 08:00:00,4212.764700029617,1765.2564361245122,6660.272963934723,4895.01652781021
2025-01-25 09:00:00,4213.092972494511,1765.4985636338733,6660.687381355148,4895.188817721275
2025-01-25 10:00:00,4213.4211081724625,1765.740629160383,6661.101587184542,4895.360958024159
2025-01-25 11:00:00,4213.749107120468,1765.982632693347,6661.515581547588,4895.532948854241
2025-01-25 12:00:00,4214.076969395502,1766.2245742221216,6661.929364568881,4895.704790346759
2025-01-25 13:00:00,4214.404695054513,1766.466453736094,6662.342936372931,4895.876482636837
2025-01-25 14:00:00,4214.732284154428,1766.7082712246997,6662.756297084157,4896.048025859458
2025-01-25 15:00:00,4215.059736752151,1766.9500266774135,6663.169446826889,4896.219420149475
2025-01-25 16:00:00,4215.387052904559,1767.191720083753,6663.582385725365,4896.390665641613
2025-01-25 17:00:00,4215.714232668506,1767.4333514332825,6663.995113903729,4896.561762470446
2025-01-25 18:00:00,4216.041276100826,1767.6749207156126,6664.407631486039,4896.732710770426
2025-01-25 19:00:00,4216.368183258324,1767.9164279203883,6664.81993859626,4896.903510675871
2025-01-25 20:00:00,4216.694954197786,1768.1578730372921,6665.232035358279,4897.074162320987
2025-01-25 21:00:00,4217.02158897597,1768.3992560560482,6665.643921895892,4897.244665839844
2025-01-25 22:00:00,4217.348087649616,1768.6405769664275,6666.055598332805,4897.415021366378
2025-01-25 23:00:00,4217.674450275434,1768.8818357582445,6666.467064792623,4897.585229034379
2025-01-26 00:00:00,4218.0006769101155,1769.123032421362,6666.878321398869,4897.755288977507
2025-01-26 01:00:00,4218.326767610325,1769.3641669456752,6667.289368274975,4897.925201329299
2025-01-26 02:00:00,4218.652722432706,1769.6052393211216,6667.70020554429,4898.094966223169
2025-01-26 03:00:00,4218.978541433875,1769.8462495376775,6668.110833330073,4898.264583792396
2025-01-26 04:00:00,4219.304224670428,1770.0871975853643,6668.521251755492,4898.434054170128
2025-01-26 05:00:00,4219.629772198938,1770.328083454241,6668.931460943634,4898.603377489393
2025-01-26 06:00:00,4219.95518407595,1770.5689071344068,6669.341461017492,4898.7725538830855
2025-01-26 07:00:00,4220.280460357989,1770.809668616008,6669.75125209997,4898.941583483962
2025-01-26 08:00:00,4220.605601101556,1771.050367889232,6670.1608343138805,4899.110466424649
2025-01-26 09:00:00,4220.930606363129,1771.291004944309,6670.57020778195,4899.279202837641
2025-01-26 10:00:00,4221.255476199161,1771.5315797715034,6670.97937262682,4899.447792855317
2025-01-26 11:00:00,4221.580210666082,1771.7720923611241,6671.38832897104,4899.616236609916
2025-01-26 12:00:00,4221.904809820299,1772.0125427035232,6671.797076937075,4899.784534233551
2025-01-26 13:00:00,4222.229273718195,1772.252930789094,6672.205616647296,4899.952685858201
2025-01-26 14:00:00,4222.553602416129,1772.4932566082675,6672.6139482239905,4900.1206916157225
2025-01-26 15:00:00,4222.877795970438,1772.7335201515107,6673.022071789364,4900.288551637854
2025-01-26 16:00:00,4223.201854437433,1772.9737214093334,6673.4299874655335,4900.456266056201
2025-01-26 17:00:00,4223.525777873404,1773.2138603722906,6673.837695374517,4900.623835002227
2025-01-26 18:00:00,4223.849566334617,1773.453937030984,6674.245195638249,4900.791258607265
2025-01-26 19:00:00,4224.173219877313,1773.6939513760485,6674.652488378579,4900.958537002531
2025-01-26 20:00:00,4224.496738557713,1773.9339033981573,6675.059573717268,4901.12567031911
2025-01-26 21:00:00,4224.820122432011,1774.1737930880245,6675.4664517759975,4901.292658687973
2025-01-26 22:00:00,4225.14337155638,1774.413620436403,6675.873122676357,4901.4595022399535
2025-01-26 23:00:00,4225.466485986968,1774.653385434086,6676.27958653985,4901.626201105764
2025-01-27 00:00:00,4225.7894657799,1774.8930880719086,6676.68584348789,4901.792755415981
2025-01-27 01:00:00,4226.112310991277,1775.13272834075,6677.091893641804,4901.959165301054
2025-01-27 02:00:00,4226.435021677179,1775.3723062315298,6677.497737122829,4902.125430891299
2025-01-27 03:00:00,4226.75759789366,1775.6118217352046,6677.903374052115,4902.29155231691
2025-01-27 04:00:00,4227.0800396967525,1775.851274842771,6678.308804550734,4902.457529707963
2025-01-27 05:00:00,4227.402347142464,1776.0906655452632,6678.714028739665,4902.6233631944015
2025-01-27 06:00:00,4227.724520286781,1776.3299938337568,6679.119046739805,4902.789052906048
2025-01-27 07:00:00,4228.046559185663,1776.5692596993663,6679.523858671959,4902.954598972592
2025-01-27 08:00:00,4228.368463895049,1776.8084631332472,6679.92846465685,4903.120001523603
2025-01-27 09:00:00,4228.690234470856,1777.0476041265956,6680.332864815116,4903.285260688521
2025-01-27 10:00:00,4229.011870968972,1777.2866826706459,6680.737059267299,4903.450376596653
2025-01-27 11:00:00,4229.33337344527,1777.5256987566754,6681.141048133864,4903.615349377189
2025-01-27 12:00:00,4229.654741955591,1777.7646523759922,6681.54483153519,4903.780179159197
2025-01-27 13:00:00,4229.975976555759,1778.0035435199507,6681.948409591568,4903.944866071617
2025-01-27 14:00:00,4230.297077301573,1778.2423721799437,6682.351782423202,4904.109410243258
2025-01-27 15:00:00,4230.618044248808,1778.481138347402,6682.754950150213,4904.27381180281
2025-01-27 16:00:00,4230.938877453214,1778.7198420137975,6683.157912892631,4904.438070878834
2025-01-27 17:00:00,4231.259576970524,1778.958483170642,6683.560670770406,4904.602187599765
2025-01-27 18:00:00,4231.580142856441,1779.1970618094829,6683.963223903399,4904.766162093916
2025-01-27 19:00:00,4231.900575166647,1779.4355779219113,6684.365572411383,4904.929994489472
2025-01-27 20:00:00,4232.220873956804,1779.6740314995582,6684.76771641405,4905.093684914491
2025-01-27 21:00:00,4232.541039282545,1779.912422534081,6685.169656031009,4905.257233496928
2025-01-27 22:00:00,4232.861071199485,1780.1507510171878,6685.571391381783,4905.420640364595
2025-01-27 23:00:00,4233.180969763214,1780.3890169406218,6685.972922585806,4905.583905645184
2025-01-28 00:00:00,4233.500735029297,1780.627220296164,6686.37424976243,4905.747029466265
2025-01-28 01:00:00,4233.8203670532785,1780.8653610756392,6686.775373030918,4905.910011955279
2025-01-28 02:00:00,4234.139865890678,1781.1034392709093,6687.176292510447,4906.072853239537
2025-01-28 03:00:00,4234.459231596994,1781.3414548738756,6687.577008320112,4906.235553446237
2025-01-28 04:00:00,4234.778464227699,1781.5794078764761,6687.977520578923,4906.398112702447
2025-01-28 05:00:00,4235.097563838245,1781.817298270681,6688.377829405809,4906.560531135128
2025-01-28 06:00:00,4235.416530484058,1782.0551260485022,6688.7779349196135,4906.722808871111
2025-01-28 07:00:00,4235.735364220544,1782.292891201993,6689.177837239096,4906.884946037104
2025-01-28 08:00:00,4236.054065103086,1782.5305937232424,6689.57753648293,4907.046942759687
2025-01-28 09:00:00,4236.37263318704,1782.768233604378,6689.977032769702,4907.208799165324
2025-01-28 10:00:00,4236.6910685277435,1783.005810837572,6690.3763262179145,4907.370515380342
2025-01-28 11:00:00,4237.0093711805075,1783.2433254150292,6690.775416945986,4907.532091530957
2025-01-28 12:00:00,4237.327541200621,1783.4807773289945,6691.174305072249,4907.693527743255
2025-01-28 13:00:00,4237.645578643353,1783.7181665717544,6691.572990714951,4907.854824143196
2025-01-28 14:00:00,4237.9634835639445,1783.9554931356256,6691.971473992264,4908.015980856639
2025-01-28 15:00:00,4238.281256017615,1784.1927570129606,6692.36975502227,4908.176998009309
2025-01-28 16:00:00,4238.598896059565,1784.4299581961527,6692.767833922977,4908.337875726824
2025-01-28 17:00:00,4238.916403744966,1784.6670966776346,6693.165710812298,4908.4986141346635
2025-01-28 18:00:00,4239.233779128971,1784.9041724498743,6693.563385808067,4908.659213358193
2025-01-28 19:00:00,4239.551022266707,1785.1411855053793,6693.960859028035,4908.819673522656
2025-01-28 20:00:00,4239.86813321328,1785.3781358366996,6694.358130589861,4908.979994753161
2025-01-28 21:00:00,4240.185112023772,1785.6150234364254,6694.755200611118,4909.140177174693
2025-01-28 22:00:00,4240.501958753242,1785.8518482971776,6695.152069209307,4909.30022091213
2025-01-28 23:00:00,4240.818673456728,1786.0886104116098,6695.548736501846,4909.460126090236
2025-01-29 00:00:00,4241.135256189242,1786.3253097724169,6695.945202606066,4909.619892833649
2025-01-29 01:00:00,4241.4517070057755,1786.5619463723328,6696.3414676392185,4909.779521266886
2025-01-29 02:00:00,4241.768025961295,1786.7985202041282,6696.737531718462,4909.939011514334
2025-01-29 03:00:00,4242.084213110747,1787.0350312606106,6697.133394960884,4910.098363700274
2025-01-29 04:00:00,4242.400268509053,1787.271479534625,6697.52905748348,4910.257577948854
2025-01-29 05:00:00,4242.716192211111,1787.5078650190549,6697.924519403166,4910.416654384111
2025-01-29 06:00:00,4243.031984271798,1787.7441877068177,6698.319780836779,4910.575593129961
2025-01-29 07:00:00,4243.347644745967,1787.9804475908645,6698.71484190107,4910.734394310206
2025-01-29 08:00:00,4243.663173688448,1788.2166446641836,6699.1097027127125,4910.8930580485285
2025-01-29 09:00:00,4243.97857115405,1788.452778919805,6699.504363388294,4911.051584468489
2025-01-29 10:00:00,4244.293837197557,1788.688850350802,6699.898824044312,4911.209973693511
2025-01-29 11:00:00,4244.60897187373,1788.924858950285,6700.293084797176,4911.368225846891
2025-01-29 12:00:00,4244.92397523731,1789.1608047113991,6700.6871457632205,4911.526341051822
2025-01-29 13:00:00,4245.238847343011,1789.3966876273148,6701.081007058707,4911.6843194313915
2025-01-29 14:00:00,4245.553588245528,1789.6325076912326,6701.474668799823,4911.8421611085905
2025-01-29 15:00:00,4245.868197999531,1789.8682648964013,6701.86813110266,4911.999866206259
2025-01-29 16:00:00,4246.182676659668,1790.1039592361135,6702.261394083222,4912.157434847108
2025-01-29 17:00:00,4246.497024280565,1790.3395907036975,6702.654457857432,4912.314867153735
2025-01-29 18:00:00,4246.811240916823,1790.5751592925112,6703.047322541135,4912.4721632486235
2025-01-29 19:00:00,4247.125326623023,1790.8106649959486,6703.439988250098,4912.62932325415
2025-01-29 20:00:00,4247.4392814537205,1791.0461078074404,6703.8324551000005,4912.78634729256
2025-01-29 21:00:00,4247.75310546345,1791.281487720456,6704.224723206444,4912.943235485987
2025-01-29 22:00:00,4248.066798706724,1791.5168047284992,6704.616792684948,4913.09998795645
2025-01-29 23:00:00,4248.38036123803,1791.7520588251127,6705.008663650947,4913.256604825834
2025-01-30 00:00:00,4248.693793111835,1791.98725000387,6705.400336219799,4913.413086215929
