time,temp_max_C,precip_mm,day_of_week,month,wind_speed_max_m_s,Complaint_Count,year,relative_humidity_2m_mean,weather_label,Complaint_Count_diff1
2022-06-10,41.0,0.1,4,6,16.6,10,2022,47,1,
2022-06-11,41.0,0.2,5,6,25.3,12,2022,42,1,2.0
2022-06-12,39.8,0.0,6,6,16.7,5,2022,45,3,-7.0
2022-06-13,40.2,0.0,0,6,13.3,15,2022,45,3,10.0
2022-06-14,39.2,8.6,1,6,19.0,16,2022,52,0,1.0
2022-06-15,35.6,6.0,2,6,17.4,15,2022,66,2,-1.0
2022-06-16,36.8,0.6,3,6,15.3,11,2022,68,1,-4.0
2022-06-17,34.3,23.2,4,6,15.2,13,2022,78,0,2.0
2022-06-18,31.5,11.2,5,6,15.0,26,2022,84,0,13.0
2022-06-19,32.7,14.8,6,6,20.6,19,2022,88,0,-7.0
2022-06-20,32.0,11.7,0,6,16.2,20,2022,87,0,1.0
2022-06-21,32.0,16.0,1,6,10.4,14,2022,82,0,-6.0
2022-06-22,32.5,9.9,2,6,12.9,11,2022,80,0,-3.0
2022-06-23,31.7,9.0,3,6,11.9,7,2022,83,0,-4.0
2022-06-24,30.1,19.6,4,6,18.9,12,2022,84,0,5.0
2022-06-25,30.9,14.5,5,6,10.7,8,2022,86,0,-4.0
2022-06-26,32.2,4.1,6,6,13.1,11,2022,80,2,3.0
2022-06-27,33.0,0.5,0,6,12.0,9,2022,77,1,-2.0
2022-06-28,33.5,1.7,1,6,12.1,5,2022,75,1,-4.0
2022-06-29,33.7,3.9,2,6,13.8,5,2022,79,2,0.0
2022-06-30,31.2,9.1,3,6,10.5,5,2022,84,0,0.0
2022-07-01,31.0,14.0,4,7,10.3,7,2022,86,0,2.0
2022-07-02,32.1,16.0,5,7,9.9,7,2022,85,0,0.0
2022-07-03,29.6,25.7,6,7,10.7,6,2022,91,0,-1.0
2022-07-04,30.3,20.9,0,7,9.4,9,2022,89,0,3.0
2022-07-05,30.2,21.9,1,7,7.4,9,2022,88,0,0.0
2022-07-06,31.8,28.1,2,7,10.7,11,2022,87,0,2.0
2022-07-07,32.3,9.1,3,7,14.0,5,2022,85,0,-6.0
2022-07-08,32.3,12.2,4,7,16.2,3,2022,85,0,-2.0
2022-07-09,31.0,7.9,5,7,18.9,9,2022,83,0,6.0
2022-07-10,32.2,3.2,6,7,13.0,16,2022,84,2,7.0
2022-07-11,31.7,5.7,0,7,12.2,6,2022,84,2,-10.0
2022-07-12,30.4,16.6,1,7,15.6,11,2022,86,0,5.0
2022-07-13,31.2,29.5,2,7,14.9,11,2022,87,0,0.0
2022-07-14,28.4,54.5,3,7,14.4,12,2022,91,4,1.0
2022-07-15,30.2,21.3,4,7,10.1,14,2022,89,0,2.0
2022-07-16,31.2,19.6,5,7,11.9,12,2022,88,0,-2.0
2022-07-17,31.3,26.7,6,7,25.7,13,2022,85,0,1.0
2022-07-18,31.4,5.0,0,7,13.0,12,2022,85,2,-1.0
2022-07-19,31.1,1.4,1,7,18.8,8,2022,79,1,-4.0
2022-07-20,30.7,0.2,2,7,15.3,8,2022,79,1,0.0
2022-07-21,31.0,6.7,3,7,10.7,9,2022,85,2,1.0
2022-07-22,30.3,21.1,4,7,7.2,10,2022,91,0,1.0
2022-07-23,30.3,7.5,5,7,9.5,12,2022,88,2,2.0
2022-07-24,29.3,22.6,6,7,9.2,12,2022,90,0,0.0
2022-07-25,29.7,32.5,0,7,10.5,11,2022,88,0,-1.0
2022-07-26,31.2,19.5,1,7,11.5,7,2022,84,0,-4.0
2022-07-27,32.0,0.6,2,7,7.0,3,2022,82,1,-4.0
2022-07-28,31.0,8.4,3,7,11.0,12,2022,87,0,9.0
2022-07-29,30.9,9.3,4,7,10.3,8,2022,88,0,-4.0
2022-07-30,32.7,2.6,5,7,9.3,6,2022,85,1,-2.0
2022-07-31,32.3,4.9,6,7,11.2,13,2022,86,2,7.0
2022-08-01,32.3,2.5,0,8,11.5,11,2022,85,1,-2.0
2022-08-02,32.2,10.9,1,8,7.4,7,2022,87,0,-4.0
2022-08-03,31.5,5.9,2,8,14.8,17,2022,85,2,10.0
2022-08-04,32.9,0.3,3,8,13.2,5,2022,78,1,-12.0
2022-08-05,32.7,1.2,4,8,9.0,13,2022,78,1,8.0
2022-08-06,31.6,5.3,5,8,8.4,8,2022,86,2,-5.0
2022-08-07,30.6,26.1,6,8,15.5,7,2022,89,0,-1.0
2022-08-09,28.5,20.8,1,8,14.8,9,2022,89,0,2.0
2022-08-10,27.9,50.6,2,8,20.6,10,2022,90,4,1.0
2022-08-11,28.3,17.0,3,8,17.6,7,2022,90,0,-3.0
2022-08-12,29.2,26.6,4,8,16.3,4,2022,92,0,-3.0
2022-08-13,27.7,23.9,5,8,17.1,4,2022,91,0,0.0
2022-08-14,26.9,60.5,6,8,16.9,10,2022,94,4,6.0
2022-08-15,27.9,51.2,0,8,23.8,13,2022,87,4,3.0
2022-08-16,31.5,0.1,1,8,13.4,5,2022,81,1,-8.0
2022-08-17,32.2,1.1,2,8,11.6,2,2022,82,1,-3.0
2022-08-18,31.7,12.5,3,8,15.8,6,2022,85,0,4.0
2022-08-19,28.7,49.7,4,8,12.4,11,2022,92,4,5.0
2022-08-20,27.0,41.8,5,8,20.8,14,2022,92,4,3.0
2022-08-21,30.1,11.1,6,8,19.2,7,2022,87,0,-7.0
2022-08-22,31.9,4.1,0,8,14.6,8,2022,82,2,1.0
2022-08-23,32.1,0.4,1,8,8.4,9,2022,82,1,1.0
2022-08-24,29.9,14.6,2,8,9.4,5,2022,87,0,-4.0
2022-08-25,30.6,3.6,3,8,9.7,7,2022,86,2,2.0
2022-08-26,32.1,0.6,4,8,7.9,3,2022,82,1,-4.0
2022-08-27,32.7,1.5,5,8,9.1,8,2022,84,1,5.0
2022-08-28,30.4,5.4,6,8,7.2,8,2022,89,2,0.0
2022-08-29,32.6,1.7,0,8,10.8,13,2022,84,1,5.0
2022-08-30,33.7,0.0,1,8,7.1,13,2022,77,3,0.0
2022-08-31,32.4,5.4,2,8,12.2,7,2022,82,2,-6.0
2022-09-01,32.5,4.7,3,9,7.1,4,2022,84,2,-3.0
2022-09-02,32.0,0.7,4,9,9.6,5,2022,85,1,1.0
2022-09-03,31.1,14.2,5,9,10.8,7,2022,87,0,2.0
2022-09-04,31.3,8.6,6,9,11.2,6,2022,88,0,-1.0
2022-09-05,31.5,2.6,0,9,8.7,6,2022,85,1,0.0
2022-09-06,32.2,3.3,1,9,8.0,4,2022,86,2,-2.0
2022-09-07,31.0,7.1,2,9,6.3,8,2022,86,2,4.0
2022-09-08,32.4,7.6,3,9,16.8,7,2022,84,0,-1.0
2022-09-09,32.5,1.5,4,9,15.7,6,2022,81,1,-1.0
2022-09-10,32.0,4.2,5,9,16.3,3,2022,84,2,-3.0
2022-09-11,29.9,20.8,6,9,17.6,9,2022,86,0,6.0
2022-09-12,31.2,23.5,0,9,19.8,4,2022,88,0,-5.0
2022-09-13,29.7,24.8,1,9,12.9,4,2022,90,0,0.0
2022-09-14,30.9,9.3,2,9,16.2,8,2022,87,0,4.0
2022-09-15,31.2,2.7,3,9,14.8,2,2022,81,1,-6.0
2022-09-16,31.2,7.9,4,9,15.6,6,2022,84,0,4.0
2022-09-17,30.8,5.6,5,9,11.9,9,2022,85,2,3.0
2022-09-18,29.8,11.8,6,9,9.5,7,2022,89,0,-2.0
2022-09-19,30.4,25.9,0,9,10.0,12,2022,90,0,5.0
2022-09-20,28.9,21.4,1,9,7.8,7,2022,91,0,-5.0
2022-09-21,30.3,30.5,2,9,10.9,9,2022,88,0,2.0
2022-09-22,30.3,12.3,3,9,11.1,10,2022,89,0,1.0
2022-09-23,29.1,3.7,4,9,11.1,6,2022,89,2,-4.0
2022-09-24,31.4,1.9,5,9,9.9,7,2022,82,1,1.0
2022-09-25,31.6,0.8,6,9,12.5,7,2022,79,1,0.0
2022-09-26,30.8,9.1,0,9,6.9,8,2022,86,0,1.0
2022-09-27,30.5,4.2,1,9,13.5,8,2022,90,2,0.0
2022-09-28,31.1,4.8,2,9,12.6,6,2022,88,2,-2.0
2022-09-29,30.8,7.3,3,9,7.1,12,2022,89,2,6.0
2022-09-30,31.3,1.0,4,9,10.2,5,2022,86,1,-7.0
2022-10-01,31.6,1.1,5,10,7.7,5,2022,85,1,0.0
2022-10-02,31.5,10.9,6,10,15.9,7,2022,87,0,2.0
2022-10-03,30.8,18.9,0,10,9.2,9,2022,89,0,2.0
2022-10-04,28.0,7.7,1,10,14.1,4,2022,92,0,-5.0
2022-10-05,30.6,5.4,2,10,17.4,3,2022,84,2,-1.0
2022-10-06,29.6,6.5,3,10,19.9,5,2022,84,2,2.0
2022-10-07,30.1,5.1,4,10,14.9,3,2022,85,2,-2.0
2022-10-08,30.7,2.6,5,10,10.5,6,2022,86,1,3.0
2022-10-10,30.7,5.9,0,10,11.0,4,2022,88,2,-2.0
2022-10-11,30.0,5.7,1,10,7.9,7,2022,90,2,3.0
2022-10-12,29.4,13.0,2,10,9.4,6,2022,89,0,-1.0
2022-10-13,29.6,2.4,3,10,5.5,9,2022,88,1,3.0
2022-10-14,29.7,7.9,4,10,11.3,7,2022,90,0,-2.0
2022-10-15,30.5,0.7,5,10,6.6,12,2022,86,1,5.0
2022-10-16,30.1,0.9,6,10,6.6,5,2022,86,1,-7.0
2022-10-17,30.3,8.1,0,10,7.6,7,2022,88,0,2.0
2022-10-18,29.5,2.6,1,10,10.1,5,2022,89,1,-2.0
2022-10-19,30.2,0.2,2,10,7.9,6,2022,84,1,1.0
2022-10-20,30.5,0.0,3,10,9.6,5,2022,76,3,-1.0
2022-10-21,30.0,0.0,4,10,10.0,8,2022,69,3,3.0
2022-10-22,30.0,0.0,5,10,11.2,3,2022,73,3,-5.0
2022-10-25,29.8,0.0,1,10,5.8,2,2022,72,3,-1.0
2022-10-26,29.7,0.0,2,10,9.1,7,2022,73,3,5.0
2022-10-28,29.3,0.0,4,10,8.5,4,2022,64,3,-3.0
2022-10-29,29.2,0.0,5,10,10.4,2,2022,65,3,-2.0
2022-10-30,28.6,0.0,6,10,11.2,2,2022,64,3,0.0
2022-10-31,29.3,0.0,0,10,8.4,4,2022,71,3,2.0
2022-11-01,29.7,0.0,1,11,7.3,5,2022,69,3,1.0
2022-11-02,28.9,0.0,2,11,7.4,2,2022,76,3,-3.0
2022-11-03,29.7,0.0,3,11,8.9,5,2022,70,3,3.0
2022-11-04,30.0,0.0,4,11,9.3,3,2022,63,3,-2.0
2022-11-05,29.8,0.0,5,11,8.1,4,2022,66,3,1.0
2022-11-06,29.8,0.0,6,11,8.7,2,2022,68,3,-2.0
2022-11-08,29.5,0.0,1,11,7.8,3,2022,74,3,1.0
2022-11-09,28.5,0.1,2,11,7.7,5,2022,75,1,2.0
2022-11-10,29.2,0.0,3,11,11.3,8,2022,71,3,3.0
2022-11-11,29.3,0.0,4,11,8.2,7,2022,71,3,-1.0
2022-11-12,29.0,0.0,5,11,9.2,7,2022,70,3,0.0
2022-11-13,28.2,0.0,6,11,8.9,6,2022,67,3,-1.0
2022-11-14,28.0,0.0,0,11,9.2,6,2022,65,3,0.0
2022-11-15,27.4,0.0,1,11,9.4,10,2022,69,3,4.0
2022-11-16,27.7,0.0,2,11,11.4,4,2022,73,3,-6.0
2022-11-17,28.8,0.0,3,11,10.5,3,2022,67,3,-1.0
2022-11-18,28.2,0.0,4,11,10.6,6,2022,62,3,3.0
2022-11-19,26.8,0.0,5,11,10.4,10,2022,64,3,4.0
2022-11-20,26.9,0.0,6,11,11.2,3,2022,67,3,-7.0
2022-11-21,27.8,0.0,0,11,9.0,5,2022,67,3,2.0
2022-11-22,28.7,0.0,1,11,8.5,3,2022,71,3,-2.0
2022-11-23,28.3,0.0,2,11,8.8,12,2022,72,3,9.0
2022-11-24,27.6,0.0,3,11,9.0,2,2022,71,3,-10.0
2022-11-25,27.4,0.0,4,11,10.1,9,2022,68,3,7.0
2022-11-27,26.6,0.0,6,11,10.3,5,2022,62,3,-4.0
2022-11-28,27.0,0.0,0,11,9.5,5,2022,65,3,0.0
2022-11-29,28.0,0.0,1,11,9.8,6,2022,68,3,1.0
2022-11-30,28.4,0.0,2,11,10.2,8,2022,71,3,2.0
2022-12-01,28.6,0.0,3,12,9.0,4,2022,70,3,-4.0
2022-12-02,28.5,0.0,4,12,9.0,5,2022,69,3,1.0
2022-12-03,28.4,0.0,5,12,8.2,7,2022,69,3,2.0
2022-12-04,28.2,0.0,6,12,8.2,6,2022,71,3,-1.0
2022-12-05,27.6,0.0,0,12,8.4,2,2022,68,3,-4.0
2022-12-06,27.3,0.0,1,12,10.6,6,2022,68,3,4.0
2022-12-07,26.1,0.0,2,12,9.4,10,2022,62,3,4.0
2022-12-08,26.2,0.0,3,12,10.3,6,2022,62,3,-4.0
2022-12-09,26.5,0.0,4,12,8.3,12,2022,65,3,6.0
2022-12-10,23.1,0.0,5,12,8.0,4,2022,65,3,-8.0
2022-12-11,27.9,0.0,6,12,7.5,5,2022,67,3,1.0
2022-12-12,29.8,0.0,0,12,9.0,15,2022,69,3,10.0
2022-12-13,30.5,0.0,1,12,8.9,12,2022,61,3,-3.0
2022-12-14,30.5,0.0,2,12,9.0,20,2022,58,3,8.0
2022-12-15,29.2,0.0,3,12,8.4,10,2022,56,3,-10.0
2022-12-16,28.1,0.0,4,12,8.6,20,2022,60,3,10.0
2022-12-17,27.1,0.0,5,12,9.7,6,2022,53,3,-14.0
2022-12-18,26.6,0.0,6,12,10.5,3,2022,57,3,-3.0
2022-12-19,26.3,0.0,0,12,8.9,4,2022,58,3,1.0
2022-12-20,26.8,0.0,1,12,9.3,5,2022,56,3,1.0
2022-12-21,26.9,0.0,2,12,10.2,11,2022,62,3,6.0
2022-12-22,27.0,0.0,3,12,9.8,6,2022,62,3,-5.0
2022-12-23,28.6,0.0,4,12,11.3,8,2022,57,3,2.0
2022-12-24,29.2,0.0,5,12,11.8,9,2022,55,3,1.0
2022-12-25,28.7,0.0,6,12,11.4,8,2022,57,3,-1.0
2022-12-26,29.0,0.0,0,12,10.4,18,2022,54,3,10.0
2022-12-27,30.0,0.0,1,12,12.7,14,2022,56,3,-4.0
2022-12-28,28.3,0.0,2,12,12.3,3,2022,61,3,-11.0
2022-12-29,26.0,0.0,3,12,9.7,16,2022,46,3,13.0
2022-12-30,26.9,0.0,4,12,10.4,5,2022,54,3,-11.0
2022-12-31,28.3,0.0,5,12,13.2,3,2022,49,3,-2.0
2023-01-01,27.6,0.0,6,1,12.4,2,2023,56,3,-1.0
2023-01-02,27.4,0.0,0,1,10.4,6,2023,64,3,4.0
2023-01-03,26.4,0.4,1,1,9.6,10,2023,73,1,4.0
2023-01-04,27.5,0.0,2,1,9.1,19,2023,65,3,9.0
2023-01-05,27.3,0.0,3,1,13.3,8,2023,60,3,-11.0
2023-01-06,25.0,0.0,4,1,13.3,11,2023,56,3,3.0
2023-01-07,24.7,0.0,5,1,11.0,3,2023,47,3,-8.0
2023-01-08,25.7,0.0,6,1,10.9,7,2023,52,3,4.0
2023-01-09,26.5,0.0,0,1,11.4,6,2023,57,3,-1.0
2023-01-10,27.3,0.0,1,1,9.7,9,2023,57,3,3.0
2023-01-11,27.8,0.0,2,1,10.5,4,2023,49,3,-5.0
2023-01-12,28.5,0.0,3,1,10.4,13,2023,54,3,9.0
2023-01-13,29.3,0.0,4,1,9.0,9,2023,56,3,-4.0
2023-01-14,29.3,0.0,5,1,11.0,24,2023,54,3,15.0
2023-01-15,27.7,0.0,6,1,12.5,4,2023,59,3,-20.0
2023-01-16,27.4,0.0,0,1,10.4,16,2023,57,3,12.0
2023-01-17,28.7,0.0,1,1,9.2,7,2023,62,3,-9.0
2023-01-18,28.6,0.0,2,1,11.2,3,2023,68,3,-4.0
2023-01-19,28.0,0.0,3,1,12.0,5,2023,71,3,2.0
2023-01-20,29.0,0.0,4,1,9.5,16,2023,65,3,11.0
2023-01-21,29.0,0.0,5,1,10.3,3,2023,61,3,-13.0
2023-01-22,30.0,0.0,6,1,9.5,9,2023,59,3,6.0
2023-01-23,29.8,0.0,0,1,11.2,6,2023,47,3,-3.0
2023-01-24,30.5,0.0,1,1,9.4,7,2023,46,3,1.0
2023-01-25,30.5,0.0,2,1,11.1,4,2023,46,3,-3.0
2023-01-26,30.7,0.0,3,1,10.0,6,2023,46,3,2.0
2023-01-27,30.9,0.0,4,1,9.9,4,2023,48,3,-2.0
2023-01-28,31.0,0.0,5,1,9.8,2,2023,57,3,-2.0
2023-01-29,31.4,0.0,6,1,9.5,9,2023,56,3,7.0
2023-01-30,31.0,0.0,0,1,10.0,5,2023,58,3,-4.0
2023-01-31,31.2,0.0,1,1,10.5,6,2023,51,3,1.0
2023-02-01,30.0,0.0,2,2,11.3,9,2023,46,3,3.0
2023-02-02,27.7,0.0,3,2,12.0,8,2023,30,3,-1.0
2023-02-03,29.1,0.0,4,2,10.9,6,2023,40,3,-2.0
2023-02-04,29.1,0.0,5,2,10.6,3,2023,38,3,-3.0
2023-02-05,29.6,0.0,6,2,11.2,3,2023,42,3,0.0
2023-02-06,30.3,0.0,0,2,11.0,11,2023,43,3,8.0
2023-02-07,31.5,0.0,1,2,10.9,9,2023,41,3,-2.0
2023-02-08,31.0,0.0,2,2,15.8,23,2023,40,3,14.0
2023-02-09,30.3,0.0,3,2,10.5,9,2023,38,3,-14.0
2023-02-10,31.6,0.0,4,2,10.4,17,2023,44,3,8.0
2023-02-11,34.2,0.0,5,2,15.5,11,2023,35,3,-6.0
2023-02-12,31.6,0.0,6,2,12.0,3,2023,43,3,-8.0
2023-02-13,29.2,0.0,0,2,16.6,26,2023,40,3,23.0
2023-02-14,29.2,0.0,1,2,12.0,11,2023,36,3,-15.0
2023-02-15,31.5,0.0,2,2,16.5,16,2023,39,3,5.0
2023-02-16,29.4,0.0,3,2,12.0,17,2023,43,3,1.0
2023-02-17,31.3,0.0,4,2,10.5,6,2023,48,3,-11.0
2023-02-18,31.7,0.0,5,2,10.2,7,2023,60,3,1.0
2023-02-19,32.5,0.0,6,2,8.9,20,2023,55,3,13.0
2023-02-20,33.0,0.0,0,2,14.7,11,2023,45,3,-9.0
2023-02-21,34.5,0.0,1,2,9.7,4,2023,40,3,-7.0
2023-02-22,35.7,0.0,2,2,10.4,8,2023,33,3,4.0
2023-02-23,34.4,0.0,3,2,12.3,11,2023,36,3,3.0
2023-02-24,34.4,0.0,4,2,12.2,6,2023,39,3,-5.0
2023-02-25,34.3,0.0,5,2,12.0,8,2023,35,3,2.0
2023-02-26,34.3,0.0,6,2,11.5,18,2023,37,3,10.0
2023-02-27,34.2,0.0,0,2,10.2,15,2023,40,3,-3.0
2023-02-28,34.8,0.0,1,2,11.4,6,2023,37,3,-9.0
2023-03-01,35.1,0.0,2,3,11.0,23,2023,33,3,17.0
2023-03-02,35.5,0.0,3,3,13.5,17,2023,34,3,-6.0
2023-03-03,35.8,0.0,4,3,12.8,27,2023,33,3,10.0
2023-03-04,35.8,0.0,5,3,9.9,4,2023,31,3,-23.0
2023-03-05,35.8,0.0,6,3,12.1,7,2023,32,3,3.0
2023-03-06,35.0,0.0,0,3,14.1,29,2023,34,3,22.0
2023-03-07,35.5,0.0,1,3,9.0,10,2023,38,3,-19.0
2023-03-08,34.3,0.0,2,3,11.7,5,2023,39,3,-5.0
2023-03-09,34.5,0.0,3,3,14.8,3,2023,41,3,-2.0
2023-03-10,35.4,0.0,4,3,17.6,14,2023,40,3,11.0
2023-03-11,35.1,0.0,5,3,12.0,27,2023,42,3,13.0
2023-03-12,35.5,0.0,6,3,9.6,15,2023,34,3,-12.0
2023-03-13,35.9,0.0,0,3,9.7,13,2023,34,3,-2.0
2023-03-14,36.0,0.0,1,3,20.5,12,2023,32,3,-1.0
2023-03-15,35.5,0.0,2,3,14.8,23,2023,34,3,11.0
2023-03-16,35.4,0.0,3,3,17.4,7,2023,46,3,-16.0
2023-03-17,30.8,2.0,4,3,8.0,19,2023,61,1,12.0
2023-03-18,31.9,0.6,5,3,12.1,27,2023,65,1,8.0
2023-03-19,28.1,4.6,6,3,13.5,26,2023,76,2,-1.0
2023-03-20,29.8,0.5,0,3,13.8,16,2023,68,1,-10.0
2023-03-21,30.2,4.0,1,3,15.9,19,2023,70,2,3.0
2023-03-22,31.1,1.9,2,3,15.4,15,2023,74,1,-4.0
2023-03-23,31.5,0.0,3,3,12.6,12,2023,62,3,-3.0
2023-03-24,33.8,0.0,4,3,9.7,8,2023,53,3,-4.0
2023-03-25,35.4,0.0,5,3,11.3,8,2023,53,3,0.0
2023-03-26,34.3,0.4,6,3,16.7,8,2023,53,1,0.0
2023-03-27,35.0,0.2,0,3,13.7,21,2023,56,1,13.0
2023-03-28,36.3,0.0,1,3,13.0,28,2023,47,3,7.0
2023-03-29,36.9,0.0,2,3,15.5,6,2023,49,3,-22.0
2023-03-30,37.8,0.0,3,3,26.7,23,2023,51,3,17.0
2023-03-31,32.3,6.1,4,3,17.4,21,2023,64,2,-2.0
2023-04-01,30.5,15.7,5,4,22.7,17,2023,71,0,-4.0
2023-04-02,32.8,0.5,6,4,16.5,21,2023,57,1,4.0
2023-04-03,35.0,0.0,0,4,13.4,15,2023,45,3,-6.0
2023-04-04,36.7,0.0,1,4,17.8,18,2023,46,3,3.0
2023-04-05,35.5,0.0,2,4,15.0,13,2023,51,3,-5.0
2023-04-06,36.8,0.0,3,4,12.8,29,2023,41,3,16.0
2023-04-07,37.0,0.0,4,4,10.7,16,2023,42,3,-13.0
2023-04-08,37.5,0.0,5,4,22.2,25,2023,44,3,9.0
2023-04-09,36.4,0.0,6,4,14.2,20,2023,42,3,-5.0
2023-04-10,37.4,0.0,0,4,15.5,10,2023,41,3,-10.0
2023-04-11,39.2,0.0,1,4,11.8,7,2023,36,3,-3.0
2023-04-12,39.9,0.0,2,4,10.5,16,2023,28,3,9.0
2023-04-13,41.4,0.0,3,4,13.8,19,2023,28,3,3.0
2023-04-14,41.0,0.0,4,4,13.5,10,2023,28,3,-9.0
2023-04-15,41.6,0.0,5,4,13.4,7,2023,31,3,-3.0
2023-04-16,41.7,0.0,6,4,15.7,15,2023,32,3,8.0
2023-04-17,41.2,0.0,0,4,14.0,19,2023,28,3,4.0
2023-04-18,41.7,0.0,1,4,10.6,15,2023,24,3,-4.0
2023-04-19,42.5,0.0,2,4,16.9,5,2023,25,3,-10.0
2023-04-20,41.5,0.0,3,4,29.0,26,2023,31,3,21.0
2023-04-21,32.4,0.0,4,4,25.6,21,2023,47,3,-5.0
2023-04-22,38.0,0.4,5,4,20.5,23,2023,45,1,2.0
2023-04-23,33.0,0.1,6,4,9.5,14,2023,60,1,-9.0
2023-04-24,35.5,0.0,0,4,14.2,20,2023,53,3,6.0
2023-04-25,32.0,2.5,1,4,16.1,16,2023,60,1,-4.0
2023-04-26,35.6,0.0,2,4,10.4,16,2023,55,3,0.0
2023-04-27,36.5,0.2,3,4,14.5,29,2023,47,1,13.0
2023-04-28,36.9,0.1,4,4,15.6,27,2023,45,1,-2.0
2023-04-29,34.4,0.0,5,4,12.6,22,2023,52,3,-5.0
2023-04-30,31.9,0.8,6,4,14.4,14,2023,59,1,-8.0
2023-05-01,30.4,3.5,0,5,11.6,14,2023,70,2,0.0
2023-05-02,32.1,2.5,1,5,11.9,12,2023,68,1,-2.0
2023-05-03,33.4,6.1,2,5,12.5,7,2023,70,2,-5.0
2023-05-04,35.0,0.0,3,5,10.8,7,2023,64,3,0.0
2023-05-05,36.4,0.0,4,5,17.0,9,2023,56,3,2.0
2023-05-06,37.5,0.0,5,5,14.8,12,2023,50,3,3.0
2023-05-07,39.3,0.0,6,5,12.1,12,2023,42,3,0.0
2023-05-08,40.0,0.0,0,5,13.8,23,2023,38,3,11.0
2023-05-09,40.0,0.0,1,5,18.1,20,2023,44,3,-3.0
2023-05-10,40.5,0.0,2,5,13.2,26,2023,43,3,6.0
2023-05-11,42.3,0.0,3,5,14.8,37,2023,34,3,11.0
2023-05-12,40.9,0.0,4,5,17.8,24,2023,38,3,-13.0
2023-05-13,40.9,0.0,5,5,13.8,25,2023,40,3,1.0
2023-05-14,43.9,0.0,6,5,23.6,15,2023,34,3,-10.0
2023-05-15,42.6,0.0,0,5,18.1,15,2023,27,3,0.0
2023-05-16,42.5,0.0,1,5,25.8,21,2023,41,3,6.0
2023-05-17,41.9,0.0,2,5,15.5,30,2023,34,3,9.0
2023-05-18,42.5,0.0,3,5,16.9,26,2023,32,3,-4.0
2023-05-19,41.5,0.0,4,5,20.0,38,2023,34,3,12.0
2023-05-20,41.0,0.0,5,5,18.1,13,2023,37,3,-25.0
2023-05-21,40.3,0.7,6,5,18.4,18,2023,39,1,5.0
2023-05-22,41.9,0.1,0,5,19.0,36,2023,37,1,18.0
2023-05-23,41.9,0.0,1,5,23.1,17,2023,33,3,-19.0
2023-05-24,41.9,0.0,2,5,22.5,24,2023,32,3,7.0
2023-05-25,41.4,0.3,3,5,21.1,22,2023,38,1,-2.0
2023-05-26,40.0,0.7,4,5,17.4,10,2023,40,1,-12.0
2023-05-27,39.2,0.0,5,5,29.8,27,2023,44,3,17.0
2023-05-28,39.5,0.0,6,5,14.0,14,2023,39,3,-13.0
2023-05-29,39.6,0.0,0,5,15.2,38,2023,45,3,24.0
2023-05-30,40.4,0.0,1,5,22.3,29,2023,45,3,-9.0
2023-05-31,40.4,0.1,2,5,17.3,15,2023,48,1,-14.0
2023-06-01,41.7,0.0,3,6,14.4,27,2023,40,3,12.0
2023-06-02,41.5,0.0,4,6,14.3,28,2023,33,3,1.0
2023-06-03,40.4,0.5,5,6,13.4,24,2023,39,1,-4.0
2023-06-04,40.7,0.0,6,6,15.8,27,2023,51,3,3.0
2023-06-05,40.0,0.0,0,6,9.0,15,2023,45,3,-12.0
2023-06-06,41.2,0.0,1,6,16.5,21,2023,39,3,6.0
2023-06-07,40.9,0.0,2,6,14.7,21,2023,39,3,0.0
2023-06-08,42.2,0.0,3,6,16.5,28,2023,35,3,7.0
2023-06-09,43.0,0.0,4,6,20.9,45,2023,31,3,17.0
2023-06-10,42.2,0.0,5,6,18.2,40,2023,39,3,-5.0
2023-06-11,42.8,0.0,6,6,20.9,19,2023,37,3,-21.0
2023-06-12,42.6,0.0,0,6,16.8,44,2023,33,3,25.0
2023-06-13,41.8,0.1,1,6,21.1,40,2023,38,1,-4.0
2023-06-14,40.2,0.1,2,6,21.8,50,2023,44,1,10.0
2023-06-15,41.6,0.4,3,6,21.8,52,2023,42,1,2.0
2023-06-16,42.8,0.0,4,6,16.7,8,2023,35,3,-44.0
2023-06-17,43.0,0.0,5,6,16.1,27,2023,33,3,19.0
2023-06-18,42.8,0.0,6,6,12.1,39,2023,35,3,12.0
2023-06-19,42.3,0.0,0,6,19.8,44,2023,41,3,5.0
2023-06-20,42.2,0.1,1,6,19.7,40,2023,50,1,-4.0
2023-06-21,39.5,8.9,2,6,18.9,34,2023,59,0,-6.0
2023-06-22,36.5,29.9,3,6,11.7,24,2023,76,0,-10.0
2023-06-23,31.5,22.1,4,6,12.6,32,2023,84,0,8.0
2023-06-24,29.8,19.5,5,6,12.4,67,2023,88,0,35.0
2023-06-25,27.6,54.5,6,6,13.4,51,2023,93,4,-16.0
2023-06-26,28.4,70.5,0,6,17.9,46,2023,91,4,-5.0
2023-06-27,28.3,12.6,1,6,23.2,21,2023,88,0,-25.0
2023-06-28,30.1,69.9,2,6,19.5,16,2023,90,4,-5.0
2023-06-29,31.6,7.1,3,6,13.7,16,2023,83,2,0.0
2023-06-30,32.2,0.3,4,6,15.0,20,2023,79,1,4.0
2023-07-01,33.7,3.6,5,7,14.0,26,2023,76,2,6.0
2023-07-02,34.6,0.3,6,7,9.5,20,2023,74,1,-6.0
2023-07-03,34.3,0.5,0,7,14.0,31,2023,72,1,11.0
2023-07-04,33.5,8.5,1,7,13.0,23,2023,76,0,-8.0
2023-07-05,34.6,0.4,2,7,12.4,29,2023,72,1,6.0
2023-07-06,30.7,22.2,3,7,13.4,32,2023,89,0,3.0
2023-07-07,31.2,18.2,4,7,14.4,26,2023,86,0,-6.0
2023-07-08,31.7,12.6,5,7,12.1,12,2023,84,0,-14.0
2023-07-09,31.1,19.9,6,7,16.5,14,2023,86,0,2.0
2023-07-10,32.5,10.3,0,7,13.5,12,2023,80,0,-2.0
2023-07-11,32.8,21.7,1,7,15.9,18,2023,87,0,6.0
2023-07-12,33.1,10.0,2,7,12.9,27,2023,81,0,9.0
2023-07-13,32.6,5.4,3,7,12.6,37,2023,82,2,10.0
2023-07-14,30.7,10.4,4,7,11.6,33,2023,84,0,-4.0
2023-07-15,30.5,27.7,5,7,11.9,19,2023,88,0,-14.0
2023-07-16,30.8,24.7,6,7,14.3,21,2023,90,0,2.0
2023-07-17,31.6,19.7,0,7,9.2,22,2023,90,0,1.0
2023-07-18,32.5,5.3,1,7,12.6,21,2023,86,2,-1.0
2023-07-19,31.5,5.6,2,7,11.3,41,2023,86,2,20.0
2023-07-20,32.0,18.4,3,7,10.0,18,2023,85,0,-23.0
2023-07-21,32.3,7.3,4,7,17.0,19,2023,85,2,1.0
2023-07-22,32.3,4.3,5,7,14.7,39,2023,82,2,20.0
2023-07-23,32.5,10.8,6,7,13.5,16,2023,84,0,-23.0
2023-07-24,33.2,2.1,0,7,12.0,18,2023,80,1,2.0
2023-07-25,33.3,1.3,1,7,12.7,30,2023,81,1,12.0
2023-07-26,32.2,10.4,2,7,17.1,17,2023,80,0,-13.0
2023-07-27,33.0,4.0,3,7,15.9,11,2023,81,2,-6.0
2023-07-28,31.7,4.6,4,7,9.4,26,2023,88,2,15.0
2023-07-29,32.0,43.3,5,7,13.2,50,2023,90,4,24.0
2023-07-30,30.9,22.7,6,7,13.0,77,2023,90,0,27.0
2023-07-31,33.2,20.6,0,7,11.8,19,2023,86,0,-58.0
2023-08-01,29.2,59.6,1,8,14.8,38,2023,91,4,19.0
2023-08-02,26.8,74.9,2,8,27.4,77,2023,93,4,39.0
2023-08-03,29.3,12.9,3,8,33.2,69,2023,81,0,-8.0
2023-08-04,29.2,6.2,4,8,18.7,31,2023,83,2,-38.0
2023-08-05,31.6,8.3,5,8,20.5,23,2023,85,0,-8.0
2023-08-06,30.0,6.4,6,8,19.3,24,2023,86,2,1.0
2023-08-07,30.9,7.7,0,8,17.3,27,2023,81,0,3.0
2023-08-08,32.5,1.1,1,8,17.1,23,2023,77,1,-4.0
2023-08-09,31.8,1.1,2,8,15.6,17,2023,78,1,-6.0
2023-08-10,32.3,0.7,3,8,14.7,14,2023,80,1,-3.0
2023-08-11,32.2,2.9,4,8,12.7,35,2023,83,1,21.0
2023-08-12,31.7,5.2,5,8,12.8,32,2023,87,2,-3.0
2023-08-13,31.8,4.3,6,8,8.0,19,2023,82,2,-13.0
2023-08-14,30.9,5.3,0,8,9.0,31,2023,87,2,12.0
2023-08-15,31.6,14.6,1,8,12.6,31,2023,87,0,0.0
2023-08-16,31.7,13.5,2,8,11.1,16,2023,89,0,-15.0
2023-08-17,30.1,25.6,3,8,9.8,17,2023,92,0,1.0
2023-08-18,30.5,18.8,4,8,10.8,28,2023,90,0,11.0
2023-08-19,32.3,1.2,5,8,12.6,39,2023,84,1,11.0
2023-08-20,32.6,6.3,6,8,10.7,9,2023,83,2,-30.0
2023-08-21,32.1,3.4,0,8,8.0,23,2023,85,2,14.0
2023-08-22,32.8,7.5,1,8,9.6,21,2023,85,2,-2.0
2023-08-23,30.9,14.2,2,8,13.4,34,2023,89,0,13.0
2023-08-24,29.0,32.8,3,8,13.0,23,2023,91,0,-11.0
2023-08-25,31.1,7.1,4,8,15.3,13,2023,85,2,-10.0
2023-08-26,32.2,0.6,5,8,13.8,29,2023,79,1,16.0
2023-08-27,32.4,0.3,6,8,13.4,10,2023,77,1,-19.0
2023-08-28,32.1,0.2,0,8,13.1,21,2023,75,1,11.0
2023-08-29,32.6,0.0,1,8,10.9,21,2023,73,3,0.0
2023-08-30,33.2,0.2,2,8,7.5,15,2023,79,1,-6.0
2023-08-31,32.2,9.4,3,8,6.5,14,2023,83,0,-1.0
2023-09-01,33.3,1.1,4,9,9.6,16,2023,82,1,2.0
2023-09-02,33.2,4.4,5,9,10.1,24,2023,85,2,8.0
2023-09-03,30.0,38.3,6,9,12.5,30,2023,92,4,6.0
2023-09-04,30.8,23.9,0,9,7.4,37,2023,92,0,7.0
2023-09-05,30.7,21.8,1,9,12.9,18,2023,89,0,-19.0
2023-09-06,30.8,26.8,2,9,15.0,38,2023,87,0,20.0
2023-09-07,30.7,9.2,3,9,8.7,9,2023,90,0,-29.0
2023-09-08,29.5,20.4,4,9,14.0,7,2023,89,0,-2.0
2023-09-09,32.0,0.7,5,9,11.4,26,2023,82,1,19.0
2023-09-10,32.4,3.2,6,9,9.7,10,2023,83,2,-16.0
2023-09-11,31.3,18.1,0,9,14.5,17,2023,89,0,7.0
2023-09-12,30.5,8.1,1,9,10.0,38,2023,89,0,21.0
2023-09-13,29.9,15.0,2,9,11.6,38,2023,91,0,0.0
2023-09-14,30.4,57.1,3,9,14.0,39,2023,92,4,1.0
2023-09-15,31.2,2.3,4,9,14.4,25,2023,85,1,-14.0
2023-09-16,31.8,8.1,5,9,8.2,18,2023,85,0,-7.0
2023-09-17,30.6,4.6,6,9,11.4,11,2023,89,2,-7.0
2023-09-18,31.0,5.5,0,9,9.2,14,2023,88,2,3.0
2023-09-19,31.2,15.4,1,9,11.2,27,2023,88,0,13.0
2023-09-20,29.9,41.9,2,9,10.7,60,2023,92,4,33.0
2023-09-21,27.2,32.6,3,9,15.0,37,2023,95,0,-23.0
2023-09-22,29.1,31.6,4,9,12.2,19,2023,92,0,-18.0
2023-09-23,28.8,19.4,5,9,15.0,11,2023,91,0,-8.0
2023-09-24,29.7,8.0,6,9,9.3,10,2023,91,0,-1.0
2023-09-25,29.9,20.5,0,9,6.9,21,2023,93,0,11.0
2023-09-26,30.7,7.0,1,9,12.9,26,2023,91,2,5.0
2023-09-27,30.8,16.0,2,9,7.7,22,2023,91,0,-4.0
2023-09-28,32.1,3.0,3,9,9.1,28,2023,88,2,6.0
2023-09-29,32.1,13.0,4,9,11.2,47,2023,86,0,19.0
2023-09-30,31.0,4.6,5,9,10.2,29,2023,87,2,-18.0
2023-10-01,28.8,24.5,6,10,13.1,19,2023,93,0,-10.0
2023-10-02,28.5,27.0,0,10,13.0,50,2023,93,0,31.0
2023-10-03,28.8,26.9,1,10,10.7,25,2023,93,0,-25.0
2023-10-04,30.8,10.7,2,10,14.0,21,2023,90,0,-4.0
2023-10-05,32.0,0.2,3,10,12.8,18,2023,80,1,-3.0
2023-10-06,32.2,1.4,4,10,9.6,35,2023,82,1,17.0
2023-10-07,31.8,1.4,5,10,9.0,16,2023,86,1,-19.0
2023-10-08,32.9,0.1,6,10,11.0,14,2023,79,1,-2.0
2023-10-09,33.2,0.0,0,10,8.6,16,2023,78,3,2.0
2023-10-10,32.9,0.0,1,10,10.4,16,2023,77,3,0.0
2023-10-11,33.1,0.0,2,10,8.3,7,2023,72,3,-9.0
2023-10-12,33.1,0.0,3,10,9.4,21,2023,73,3,14.0
2023-10-13,32.8,0.0,4,10,11.7,30,2023,69,3,9.0
2023-10-14,32.3,0.0,5,10,10.3,16,2023,73,3,-14.0
2023-10-15,32.6,0.0,6,10,9.3,6,2023,72,3,-10.0
2023-10-16,32.3,0.0,0,10,10.0,9,2023,70,3,3.0
2023-10-17,32.4,0.0,1,10,10.7,23,2023,67,3,14.0
2023-10-18,31.6,0.0,2,10,6.8,31,2023,74,3,8.0
2023-10-19,31.8,0.0,3,10,7.3,7,2023,76,3,-24.0
2023-10-20,31.0,0.1,4,10,8.4,16,2023,74,1,9.0
2023-10-21,31.1,0.0,5,10,10.2,7,2023,68,3,-9.0
2023-10-22,30.7,0.0,6,10,9.5,5,2023,66,3,-2.0
2023-10-23,30.9,0.0,0,10,10.0,5,2023,70,3,0.0
2023-10-24,30.6,0.0,1,10,9.7,4,2023,72,3,-1.0
2023-10-25,30.5,0.0,2,10,10.0,2,2023,73,3,-2.0
2023-10-26,30.2,0.0,3,10,10.8,15,2023,67,3,13.0
2023-10-27,30.2,0.0,4,10,10.3,7,2023,60,3,-8.0
2023-10-28,30.5,0.0,5,10,9.4,14,2023,62,3,7.0
2023-10-29,30.9,0.0,6,10,8.2,6,2023,66,3,-8.0
2023-10-30,31.0,0.0,0,10,10.9,5,2023,65,3,-1.0
2023-10-31,31.1,0.0,1,10,10.4,14,2023,68,3,9.0
2023-11-01,32.6,0.0,2,11,9.2,8,2023,71,3,-6.0
2023-11-02,31.4,5.9,3,11,8.6,9,2023,78,2,1.0
2023-11-03,30.3,10.1,4,11,12.8,14,2023,84,0,5.0
2023-11-04,28.3,3.8,5,11,11.8,13,2023,84,2,-1.0
2023-11-05,31.0,0.3,6,11,8.5,18,2023,78,1,5.0
2023-11-06,31.5,0.0,0,11,10.8,13,2023,62,3,-5.0
2023-11-07,30.7,0.0,1,11,10.5,29,2023,62,3,16.0
2023-11-08,30.1,0.0,2,11,9.9,19,2023,62,3,-10.0
2023-11-09,30.9,0.0,3,11,7.8,19,2023,65,3,0.0
2023-11-10,31.2,0.0,4,11,9.2,18,2023,63,3,-1.0
2023-11-11,31.4,0.0,5,11,7.4,16,2023,66,3,-2.0
2023-11-12,31.5,0.0,6,11,8.4,4,2023,66,3,-12.0
2023-11-13,30.4,0.0,0,11,10.5,3,2023,70,3,-1.0
2023-11-14,30.1,0.0,1,11,8.0,12,2023,68,3,9.0
2023-11-15,29.9,0.0,2,11,11.0,11,2023,61,3,-1.0
2023-11-16,29.6,0.0,3,11,12.1,10,2023,63,3,-1.0
2023-11-17,30.6,0.0,4,11,11.9,14,2023,72,3,4.0
2023-11-18,30.6,0.1,5,11,11.6,8,2023,71,1,-6.0
2023-11-19,30.9,0.1,6,11,10.7,13,2023,67,1,5.0
2023-11-20,30.3,0.0,0,11,9.3,14,2023,68,3,1.0
2023-11-21,29.9,0.0,1,11,8.1,6,2023,71,3,-8.0
2023-11-22,29.9,0.0,2,11,8.2,4,2023,66,3,-2.0
2023-11-23,29.7,0.0,3,11,11.2,9,2023,61,3,5.0
2023-11-24,29.5,0.0,4,11,9.3,12,2023,69,3,3.0
2023-11-25,29.2,0.0,5,11,9.3,10,2023,67,3,-2.0
2023-11-26,28.7,0.0,6,11,9.1,3,2023,64,3,-7.0
2023-11-27,28.6,0.0,0,11,10.2,3,2023,62,3,0.0
2023-11-28,29.5,0.0,1,11,8.0,3,2023,68,3,0.0
2023-11-29,29.5,0.0,2,11,6.2,5,2023,70,3,2.0
2023-11-30,30.8,0.0,3,11,14.1,6,2023,65,3,1.0
2023-12-01,31.5,0.0,4,12,8.0,10,2023,66,3,4.0
2023-12-02,31.9,0.0,5,12,11.2,11,2023,67,3,1.0
2023-12-03,31.9,0.0,6,12,8.0,18,2023,70,3,7.0
2023-12-04,29.2,0.0,0,12,9.8,13,2023,68,3,-5.0
2023-12-05,23.4,1.6,1,12,14.0,10,2023,70,1,-3.0
2023-12-06,21.0,31.4,2,12,13.1,31,2023,88,0,21.0
2023-12-07,22.1,29.4,3,12,11.5,20,2023,92,0,-11.0
2023-12-08,24.1,0.5,4,12,11.2,15,2023,84,1,-5.0
2023-12-09,25.3,0.4,5,12,8.6,7,2023,86,1,-8.0
2023-12-10,25.4,0.0,6,12,8.7,6,2023,74,3,-1.0
2023-12-11,25.3,0.0,0,12,8.9,12,2023,75,3,6.0
2023-12-12,24.7,0.0,1,12,8.1,14,2023,77,3,2.0
2023-12-13,25.1,0.0,2,12,8.3,10,2023,74,3,-4.0
2023-12-14,25.5,0.0,3,12,10.2,8,2023,75,3,-2.0
2023-12-15,25.0,0.0,4,12,9.7,6,2023,73,3,-2.0
2023-12-16,24.9,0.0,5,12,9.1,11,2023,74,3,5.0
2023-12-17,24.6,0.0,6,12,10.2,2,2023,73,3,-9.0
2023-12-18,24.3,0.0,0,12,8.8,14,2023,72,3,12.0
2023-12-19,23.5,0.0,1,12,9.4,11,2023,71,3,-3.0
2023-12-20,23.6,0.0,2,12,9.6,7,2023,70,3,-4.0
2023-12-21,23.6,0.0,3,12,8.7,6,2023,77,3,-1.0
2023-12-22,24.7,0.0,4,12,9.1,4,2023,76,3,-2.0
2023-12-23,25.5,0.0,5,12,9.4,9,2023,77,3,5.0
2023-12-24,25.7,0.0,6,12,8.6,9,2023,81,3,0.0
2023-12-25,26.2,0.0,0,12,9.4,6,2023,80,3,-3.0
2023-12-26,26.1,0.0,1,12,8.7,4,2023,81,3,-2.0
2023-12-27,26.1,0.0,2,12,8.4,15,2023,76,3,11.0
2023-12-28,26.7,0.0,3,12,9.4,5,2023,78,3,-10.0
2023-12-30,26.4,0.0,5,12,9.1,4,2023,78,3,-1.0
2024-01-01,26.2,0.0,0,1,8.3,5,2024,78,3,1.0
2024-01-02,26.9,0.0,1,1,9.0,6,2024,75,3,1.0
2024-01-03,27.1,0.0,2,1,9.8,8,2024,70,3,2.0
2024-01-04,27.2,0.0,3,1,10.9,10,2024,72,3,2.0
2024-01-05,28.3,0.0,4,1,13.4,10,2024,61,3,0.0
2024-01-06,28.0,0.0,5,1,9.8,10,2024,66,3,0.0
2024-01-07,28.0,0.0,6,1,11.3,5,2024,64,3,-5.0
2024-01-08,27.8,0.0,0,1,8.7,10,2024,70,3,5.0
2024-01-09,27.9,0.0,1,1,8.4,2,2024,73,3,-8.0
2024-01-10,28.3,0.0,2,1,9.8,13,2024,70,3,11.0
2024-01-11,28.5,0.0,3,1,11.3,9,2024,71,3,-4.0
2024-01-12,27.5,0.0,4,1,11.3,8,2024,66,3,-1.0
2024-01-13,26.5,0.0,5,1,9.4,6,2024,56,3,-2.0
2024-01-14,26.5,0.0,6,1,11.3,4,2024,63,3,-2.0
2024-01-15,26.9,0.0,0,1,9.8,5,2024,60,3,1.0
2024-01-16,27.6,0.0,1,1,8.2,7,2024,68,3,2.0
2024-01-17,29.1,0.0,2,1,12.6,4,2024,73,3,-3.0
2024-01-18,26.9,0.9,3,1,13.8,13,2024,83,1,9.0
2024-01-19,24.4,1.0,4,1,8.9,27,2024,86,1,14.0
2024-01-20,26.4,1.5,5,1,9.1,13,2024,82,1,-14.0
2024-01-21,25.0,0.1,6,1,7.9,9,2024,86,1,-4.0
2024-01-22,26.5,0.2,0,1,8.9,15,2024,77,1,6.0
2024-01-23,22.7,1.6,1,1,9.5,14,2024,68,1,-1.0
2024-01-24,23.1,2.3,2,1,9.2,7,2024,87,1,-7.0
2024-01-25,24.7,0.4,3,1,9.7,5,2024,73,1,-2.0
2024-01-26,25.0,0.0,4,1,10.5,7,2024,62,3,2.0
2024-01-27,25.0,0.0,5,1,9.4,3,2024,62,3,-4.0
2024-01-28,26.6,0.0,6,1,9.9,18,2024,63,3,15.0
2024-01-29,27.9,0.0,0,1,9.7,15,2024,67,3,-3.0
2024-01-30,28.9,0.0,1,1,9.7,6,2024,66,3,-9.0
2024-01-31,28.9,0.0,2,1,12.6,12,2024,65,3,6.0
2024-02-01,29.5,0.0,3,2,12.6,22,2024,65,3,10.0
2024-02-03,28.4,0.0,5,2,10.6,6,2024,58,3,-16.0
2024-02-04,29.1,0.0,6,2,8.9,10,2024,56,3,4.0
2024-02-05,30.9,0.0,0,2,8.9,12,2024,55,3,2.0
2024-02-06,32.7,0.0,1,2,17.9,5,2024,67,3,-7.0
2024-02-07,29.8,0.0,2,2,11.8,4,2024,67,3,-1.0
2024-02-08,27.7,0.0,3,2,13.8,10,2024,44,3,6.0
2024-02-09,27.9,0.0,4,2,9.2,12,2024,48,3,2.0
2024-02-10,28.9,0.0,5,2,9.7,11,2024,59,3,-1.0
2024-02-11,31.1,0.0,6,2,13.0,22,2024,55,3,11.0
2024-02-12,30.6,0.0,0,2,11.1,19,2024,63,3,-3.0
2024-02-13,32.5,0.0,1,2,15.8,8,2024,54,3,-11.0
2024-02-14,32.0,0.0,2,2,14.6,6,2024,53,3,-2.0
2024-02-15,30.3,0.0,3,2,14.5,19,2024,65,3,13.0
2024-02-16,32.1,0.0,4,2,11.1,2,2024,59,3,-17.0
2024-02-17,31.0,0.0,5,2,14.5,9,2024,55,3,7.0
2024-02-18,32.4,0.0,6,2,11.0,12,2024,53,3,3.0
2024-02-19,34.2,0.0,0,2,12.8,15,2024,52,3,3.0
2024-02-20,34.6,0.0,1,2,15.3,16,2024,50,3,1.0
2024-02-21,34.1,0.0,2,2,17.7,27,2024,51,3,11.0
2024-02-22,33.2,0.0,3,2,18.8,3,2024,49,3,-24.0
2024-02-23,30.5,0.0,4,2,13.1,9,2024,51,3,6.0
2024-02-24,30.1,0.4,5,2,16.0,12,2024,62,1,3.0
2024-02-25,27.7,6.8,6,2,16.3,27,2024,79,2,15.0
2024-02-26,31.5,0.3,0,2,9.9,21,2024,69,1,-6.0
2024-02-27,32.8,6.9,1,2,28.7,17,2024,68,2,-4.0
2024-02-28,30.1,0.0,2,2,9.8,11,2024,76,3,-6.0
2024-02-29,31.5,0.0,3,2,12.9,11,2024,60,3,0.0
2024-03-01,33.3,0.0,4,3,10.2,11,2024,51,3,0.0
2024-03-02,33.6,0.0,5,3,9.8,12,2024,52,3,1.0
2024-03-03,33.8,0.0,6,3,16.3,11,2024,55,3,-1.0
2024-03-04,32.2,0.0,0,3,12.0,11,2024,60,3,0.0
2024-03-05,33.4,0.0,1,3,14.6,10,2024,61,3,-1.0
2024-03-06,35.2,0.0,2,3,13.7,19,2024,52,3,9.0
2024-03-07,32.8,3.6,3,3,16.1,4,2024,62,2,-15.0
2024-03-08,33.1,0.0,4,3,12.7,6,2024,46,3,2.0
2024-03-09,33.6,0.0,5,3,14.9,14,2024,40,3,8.0
2024-03-10,33.6,0.0,6,3,12.9,9,2024,47,3,-5.0
2024-03-11,36.0,0.0,0,3,9.9,20,2024,51,3,11.0
2024-03-12,36.7,0.0,1,3,14.3,17,2024,49,3,-3.0
2024-03-13,38.2,0.0,2,3,15.8,13,2024,40,3,-4.0
2024-03-14,36.4,0.0,3,3,13.5,24,2024,37,3,11.0
2024-03-15,37.0,0.0,4,3,13.7,14,2024,37,3,-10.0
2024-03-16,36.5,1.0,5,3,12.0,29,2024,55,1,15.0
2024-03-17,34.2,0.7,6,3,13.4,19,2024,59,1,-10.0
2024-03-18,31.3,3.0,0,3,15.5,32,2024,71,2,13.0
2024-03-19,30.5,22.5,1,3,17.4,44,2024,77,0,12.0
2024-03-20,28.2,8.4,2,3,15.1,15,2024,74,0,-29.0
2024-03-21,30.3,0.0,3,3,14.0,23,2024,68,3,8.0
2024-03-22,31.4,0.0,4,3,10.0,30,2024,63,3,7.0
2024-03-23,35.0,0.0,5,3,11.2,19,2024,53,3,-11.0
2024-03-24,35.4,0.0,6,3,16.6,38,2024,53,3,19.0
2024-03-25,33.9,0.0,0,3,18.9,29,2024,62,3,-9.0
2024-03-26,34.0,0.0,1,3,10.6,13,2024,62,3,-16.0
2024-03-27,35.8,0.0,2,3,9.7,25,2024,57,3,12.0
2024-03-28,37.9,0.0,3,3,11.4,20,2024,52,3,-5.0
2024-03-29,38.6,0.0,4,3,15.1,15,2024,51,3,-5.0
2024-03-30,36.8,0.6,5,3,21.9,29,2024,53,1,14.0
2024-03-31,35.8,0.0,6,3,15.7,33,2024,57,3,4.0
2024-04-01,38.7,0.0,0,4,11.8,24,2024,49,3,-9.0
2024-04-02,37.7,0.0,1,4,11.8,35,2024,45,3,11.0
2024-04-03,38.4,0.0,2,4,11.3,33,2024,42,3,-2.0
2024-04-04,40.4,0.0,3,4,13.5,38,2024,44,3,5.0
2024-04-05,39.8,0.0,4,4,13.3,28,2024,41,3,-10.0
2024-04-06,39.8,0.0,5,4,11.3,27,2024,37,3,-1.0
2024-04-07,39.3,0.0,6,4,19.3,33,2024,34,3,6.0
2024-04-08,27.6,10.9,0,4,13.6,23,2024,76,0,-10.0
2024-04-09,32.4,2.7,1,4,10.9,22,2024,71,2,-1.0
2024-04-10,35.0,0.0,2,4,11.6,47,2024,59,3,25.0
2024-04-11,27.0,14.8,3,4,18.0,37,2024,80,0,-10.0
2024-04-12,28.3,1.4,4,4,14.7,22,2024,80,1,-15.0
2024-04-13,34.1,0.0,5,4,19.4,15,2024,68,3,-7.0
2024-04-14,35.3,0.0,6,4,9.5,27,2024,63,3,12.0
2024-04-15,37.6,0.0,0,4,11.5,22,2024,53,3,-5.0
2024-04-16,38.1,0.0,1,4,10.9,40,2024,53,3,18.0
2024-04-17,39.2,0.0,2,4,16.9,28,2024,46,3,-12.0
2024-04-18,40.1,0.0,3,4,13.9,26,2024,41,3,-2.0
2024-04-19,40.6,0.0,4,4,10.8,32,2024,36,3,6.0
2024-04-20,41.0,0.0,5,4,14.4,45,2024,33,3,13.0
2024-04-21,40.8,0.0,6,4,17.3,28,2024,37,3,-17.0
2024-04-22,35.7,0.7,0,4,28.5,24,2024,50,1,-4.0
2024-04-23,37.3,0.0,1,4,16.3,23,2024,51,3,-1.0
2024-04-24,39.6,0.0,2,4,12.9,24,2024,43,3,1.0
2024-04-25,39.9,0.0,3,4,11.6,27,2024,40,3,3.0
2024-04-26,40.6,0.0,4,4,10.4,48,2024,39,3,21.0
2024-04-27,41.2,0.0,5,4,12.5,24,2024,38,3,-24.0
2024-04-28,40.3,0.0,6,4,17.1,27,2024,41,3,3.0
2024-04-29,40.8,0.0,0,4,14.4,21,2024,41,3,-6.0
2024-04-30,41.9,0.0,1,4,17.9,51,2024,42,3,30.0
2024-05-01,42.1,0.0,2,5,20.9,27,2024,32,3,-24.0
2024-05-02,41.1,0.0,3,5,12.3,19,2024,32,3,-8.0
2024-05-03,40.6,0.0,4,5,16.1,14,2024,26,3,-5.0
2024-05-04,40.6,0.0,5,5,12.0,8,2024,31,3,-6.0
2024-05-05,42.5,0.0,6,5,14.0,24,2024,25,3,16.0
2024-05-06,39.7,0.0,0,5,20.0,31,2024,37,3,7.0
2024-05-07,38.2,0.0,1,5,17.6,33,2024,47,3,2.0
2024-05-08,37.6,0.0,2,5,16.4,36,2024,54,3,3.0
2024-05-09,38.5,0.4,3,5,21.9,48,2024,54,1,12.0
2024-05-10,39.6,0.0,4,5,17.8,24,2024,53,3,-24.0
2024-05-11,40.4,0.2,5,5,19.6,35,2024,48,1,11.0
2024-05-12,39.1,0.0,6,5,14.8,37,2024,50,3,2.0
2024-05-13,37.3,0.0,0,5,16.9,30,2024,57,3,-7.0
2024-05-14,39.6,0.0,1,5,18.4,28,2024,51,3,-2.0
2024-05-15,38.6,0.0,2,5,9.7,18,2024,55,3,-10.0
2024-05-16,38.3,0.0,3,5,14.0,35,2024,49,3,17.0
2024-05-17,35.9,0.3,4,5,16.5,25,2024,59,1,-10.0
2024-05-18,33.1,1.7,5,5,16.3,14,2024,70,1,-11.0
2024-05-19,37.0,0.1,6,5,12.9,19,2024,62,1,5.0
2024-05-20,40.0,0.0,0,5,20.1,66,2024,51,3,47.0
2024-05-21,40.0,0.0,1,5,21.3,47,2024,54,3,-19.0
2024-05-22,40.5,0.0,2,5,20.0,36,2024,55,3,-11.0
2024-05-23,40.1,0.1,3,5,17.5,41,2024,51,1,5.0
2024-05-24,39.6,0.0,4,5,18.9,24,2024,53,3,-17.0
2024-05-25,40.3,0.0,5,5,13.7,51,2024,51,3,27.0
2024-05-26,39.5,1.9,6,5,12.6,53,2024,54,1,2.0
2024-05-27,41.3,0.0,0,5,12.8,69,2024,50,3,16.0
2024-05-30,45.0,0.0,3,5,18.1,78,2024,36,3,9.0
2024-06-03,39.5,0.0,0,6,14.7,62,2024,57,3,-16.0
2024-06-04,37.4,0.4,1,6,14.9,34,2024,57,1,-28.0
2024-06-05,39.2,0.0,2,6,11.1,26,2024,55,3,-8.0
2024-06-06,40.6,9.1,3,6,21.8,39,2024,63,0,13.0
2024-06-07,40.1,0.1,4,6,16.2,43,2024,56,1,4.0
2024-06-08,39.7,1.7,5,6,14.1,56,2024,56,1,13.0
2024-06-09,39.5,0.0,6,6,13.0,45,2024,57,3,-11.0
2024-06-10,40.3,0.4,0,6,13.7,63,2024,51,1,18.0
2024-06-11,40.8,0.2,1,6,11.8,48,2024,52,1,-15.0
2024-06-12,40.8,0.0,2,6,13.5,46,2024,48,3,-2.0
2024-06-14,40.0,0.0,4,6,17.7,57,2024,48,3,11.0
2024-06-16,36.7,0.0,6,6,12.0,28,2024,66,3,-29.0
2024-06-17,36.7,0.9,0,6,21.5,57,2024,64,1,29.0
2024-06-18,38.3,0.7,1,6,16.3,32,2024,60,1,-25.0
2024-06-19,37.0,7.7,2,6,12.2,59,2024,65,0,27.0
2024-06-20,34.3,11.0,3,6,15.6,43,2024,74,0,-16.0
2024-06-21,31.7,19.6,4,6,11.5,39,2024,84,0,-4.0
2024-06-22,33.3,10.5,5,6,9.1,39,2024,81,0,0.0
2024-06-23,33.4,1.3,6,6,12.7,35,2024,78,1,-4.0
2024-06-24,34.6,22.4,0,6,11.5,41,2024,74,0,6.0
2024-06-25,34.1,4.8,1,6,10.2,74,2024,74,2,33.0
2024-06-26,33.6,5.2,2,6,11.6,51,2024,78,2,-23.0
2024-06-27,34.5,2.9,3,6,13.1,48,2024,79,2,-3.0
2024-06-28,33.6,11.9,4,6,11.5,71,2024,81,0,23.0
2024-06-29,31.7,37.0,5,6,19.3,31,2024,87,4,-40.0
2024-06-30,29.2,26.9,6,6,16.8,20,2024,91,0,-11.0
2024-07-01,28.7,28.0,0,7,16.5,14,2024,91,0,-6.0
2024-07-02,31.5,14.0,1,7,21.8,36,2024,85,0,22.0
2024-07-03,26.5,51.7,2,7,15.6,44,2024,94,4,8.0
2024-07-04,31.5,26.5,3,7,16.9,28,2024,90,0,-16.0
2024-07-05,30.7,3.2,4,7,15.1,39,2024,87,2,11.0
2024-07-06,31.7,2.3,5,7,13.4,33,2024,84,1,-6.0
2024-07-07,32.7,11.1,6,7,9.2,46,2024,83,0,13.0
2024-07-08,31.6,1.9,0,7,15.6,27,2024,84,1,-19.0
2024-07-09,32.9,2.1,1,7,13.4,19,2024,83,1,-8.0
2024-07-10,32.2,0.6,2,7,12.7,25,2024,81,1,6.0
2024-07-11,31.3,16.2,3,7,16.3,29,2024,84,0,4.0
2024-07-12,29.7,3.0,4,7,13.0,46,2024,89,2,17.0
2024-07-13,30.1,24.1,5,7,13.1,31,2024,90,0,-15.0
2024-07-14,32.0,14.3,6,7,7.8,28,2024,88,0,-3.0
2024-07-15,32.7,11.9,0,7,17.9,37,2024,86,0,9.0
2024-07-16,33.1,1.6,1,7,14.2,35,2024,78,1,-2.0
2024-07-17,34.1,1.2,2,7,9.7,29,2024,78,1,-6.0
2024-07-18,33.6,10.3,3,7,12.0,38,2024,82,0,9.0
2024-07-19,32.9,22.7,4,7,19.1,49,2024,84,0,11.0
2024-07-20,32.4,9.1,5,7,18.0,39,2024,84,0,-10.0
2024-07-21,31.2,1.6,6,7,13.7,28,2024,83,1,-11.0
2024-07-22,29.8,4.0,0,7,15.3,34,2024,84,2,6.0
2024-07-23,29.2,18.3,1,7,20.0,46,2024,91,0,12.0
2024-07-24,29.7,25.3,2,7,20.0,34,2024,89,0,-12.0
2024-07-25,30.8,14.8,3,7,21.1,39,2024,85,0,5.0
2024-07-26,30.9,22.8,4,7,15.9,26,2024,86,0,-13.0
2024-07-27,30.7,47.6,5,7,15.7,29,2024,89,4,3.0
2024-07-28,30.4,5.0,6,7,12.2,33,2024,87,2,4.0
2024-07-29,31.3,3.0,0,7,11.1,38,2024,84,2,5.0
2024-07-30,31.2,15.6,1,7,13.5,48,2024,88,0,10.0
2024-07-31,30.2,28.0,2,7,14.3,21,2024,89,0,-27.0
2024-08-01,27.6,27.5,3,8,17.2,28,2024,93,0,7.0
2024-08-02,26.1,34.4,4,8,21.0,19,2024,93,0,-9.0
2024-08-03,28.0,15.9,5,8,22.5,34,2024,90,0,15.0
2024-08-04,31.3,1.3,6,8,18.4,27,2024,83,1,-7.0
2024-08-05,28.7,7.8,0,8,11.9,55,2024,89,0,28.0
2024-08-06,28.9,60.6,1,8,11.5,58,2024,93,4,3.0
2024-08-07,27.8,21.3,2,8,12.6,20,2024,93,0,-38.0
2024-08-08,28.7,28.1,3,8,15.4,9,2024,93,0,-11.0
2024-08-09,28.0,19.5,4,8,13.2,36,2024,91,0,27.0
2024-08-10,30.2,19.5,5,8,11.5,23,2024,89,0,-13.0
2024-08-11,31.5,0.5,6,8,14.6,31,2024,82,1,8.0
2024-08-12,31.8,5.4,0,8,11.6,42,2024,85,2,11.0
2024-08-13,30.9,40.5,1,8,10.8,18,2024,89,4,-24.0
2024-08-14,31.0,21.4,2,8,11.4,29,2024,89,0,11.0
2024-08-15,27.6,68.9,3,8,10.5,19,2024,94,4,-10.0
2024-08-16,29.0,47.4,4,8,13.9,26,2024,92,4,7.0
2024-08-17,31.1,17.2,5,8,9.4,28,2024,90,0,2.0
2024-08-18,30.3,13.9,6,8,13.4,21,2024,90,0,-7.0
2024-08-19,30.9,38.4,0,8,7.9,36,2024,87,4,15.0
2024-08-20,29.9,40.5,1,8,12.8,30,2024,92,4,-6.0
2024-08-21,29.4,19.0,2,8,13.1,36,2024,91,0,6.0
2024-08-22,28.1,46.4,3,8,12.4,33,2024,93,4,-3.0
2024-08-23,28.4,35.6,4,8,14.3,30,2024,91,4,-3.0
2024-08-24,28.4,32.2,5,8,16.1,32,2024,92,0,2.0
2024-08-25,27.9,8.0,6,8,12.5,41,2024,90,0,9.0
2024-08-26,26.8,25.9,0,8,11.2,30,2024,93,0,-11.0
2024-08-27,30.0,6.9,1,8,11.4,31,2024,89,2,1.0
2024-08-28,29.8,1.7,2,8,10.9,39,2024,89,1,8.0
2024-08-29,30.3,7.9,3,8,8.5,44,2024,88,0,5.0
2024-08-30,33.0,0.9,4,8,12.3,40,2024,80,1,-4.0
2024-08-31,32.2,1.0,5,8,16.8,19,2024,78,1,-21.0
2024-09-01,31.7,0.7,6,9,20.9,18,2024,79,1,-1.0
2024-09-02,30.5,3.5,0,9,16.6,46,2024,82,2,28.0
2024-09-03,32.0,1.7,1,9,12.2,30,2024,81,1,-16.0
2024-09-04,32.8,0.4,2,9,10.4,25,2024,77,1,-5.0
2024-09-05,31.3,17.2,3,9,12.4,25,2024,86,0,0.0
2024-09-06,30.7,11.6,4,9,11.3,73,2024,88,0,48.0
2024-09-09,31.3,45.2,0,9,19.2,53,2024,88,4,-20.0
2024-09-10,32.5,2.3,1,9,17.7,36,2024,82,1,-17.0
2024-09-11,31.7,1.3,2,9,15.3,16,2024,82,1,-20.0
2024-09-12,30.9,0.6,3,9,13.4,33,2024,83,1,17.0
2024-09-13,30.8,7.3,4,9,12.1,35,2024,86,2,2.0
2024-09-14,29.9,10.5,5,9,15.8,34,2024,87,0,-1.0
2024-09-15,28.9,1.4,6,9,19.5,30,2024,80,1,-4.0
2024-09-16,29.1,24.5,0,9,23.5,21,2024,87,0,-9.0
2024-09-17,30.0,4.1,1,9,15.5,35,2024,87,2,14.0
2024-09-18,29.0,3.7,2,9,11.2,34,2024,91,2,-1.0
2024-09-19,31.1,0.9,3,9,8.2,36,2024,86,1,2.0
2024-09-20,31.7,5.1,4,9,13.7,32,2024,87,2,-4.0
2024-09-21,33.3,4.5,5,9,9.2,61,2024,85,2,29.0
2024-09-22,32.0,11.6,6,9,6.7,76,2024,90,0,15.0
2024-09-24,30.9,31.9,1,9,14.1,59,2024,90,0,-17.0
2024-09-25,29.0,21.6,2,9,7.9,64,2024,92,0,5.0
2024-09-26,30.8,13.0,3,9,14.2,32,2024,89,0,-32.0
2024-09-27,31.3,21.6,4,9,13.6,16,2024,87,0,-16.0
2024-09-28,32.2,0.3,5,9,12.8,37,2024,82,1,21.0
2024-09-29,31.9,4.7,6,9,9.7,33,2024,86,2,-4.0
2024-09-30,32.7,2.5,0,9,13.7,46,2024,84,1,13.0
2024-10-01,32.8,0.5,1,10,10.7,22,2024,82,1,-24.0
2024-10-02,32.7,1.0,2,10,13.9,26,2024,77,1,4.0
2024-10-03,33.8,0.9,3,10,14.7,20,2024,77,1,-6.0
2024-10-04,33.2,0.1,4,10,12.5,33,2024,75,1,13.0
2024-10-05,33.0,0.0,5,10,8.8,16,2024,73,3,-17.0
2024-10-06,32.6,0.0,6,10,11.6,29,2024,76,3,13.0
2024-10-07,31.1,5.3,0,10,11.9,43,2024,83,2,14.0
2024-10-08,30.8,16.4,1,10,6.1,31,2024,87,0,-12.0
2024-10-09,31.7,3.4,2,10,8.1,26,2024,85,2,-5.0
2024-10-10,32.3,0.6,3,10,11.0,17,2024,81,1,-9.0
2024-10-11,32.4,0.0,4,10,7.6,17,2024,78,3,0.0
2024-10-12,32.5,0.2,5,10,6.5,10,2024,77,1,-7.0
2024-10-13,32.5,0.7,6,10,12.3,14,2024,77,1,4.0
2024-10-14,32.8,9.2,0,10,16.2,18,2024,82,0,4.0
2024-10-15,32.4,0.2,1,10,10.3,18,2024,79,1,0.0
2024-10-16,32.8,0.3,2,10,8.2,20,2024,76,1,2.0
2024-10-17,33.4,0.0,3,10,11.2,13,2024,73,3,-7.0
2024-10-18,33.1,0.5,4,10,7.6,31,2024,76,1,18.0
2024-10-19,32.3,0.3,5,10,16.4,28,2024,80,1,-3.0
2024-10-20,32.2,0.1,6,10,9.2,20,2024,75,1,-8.0
2024-10-21,32.6,0.0,0,10,10.0,25,2024,71,3,5.0
2024-10-22,32.6,0.0,1,10,11.6,29,2024,63,3,4.0
2024-10-23,32.5,0.0,2,10,13.2,47,2024,65,3,18.0
2024-10-24,31.6,0.2,3,10,20.3,26,2024,68,1,-21.0
2024-10-25,31.1,1.6,4,10,25.7,18,2024,67,1,-8.0
2024-10-26,27.8,3.0,5,10,16.9,41,2024,78,2,23.0
2024-10-27,30.2,0.9,6,10,8.4,20,2024,82,1,-21.0
2024-10-28,31.0,1.7,0,10,13.2,22,2024,85,1,2.0
2024-10-29,30.1,0.0,1,10,7.1,17,2024,85,3,-5.0
2024-10-30,31.0,0.9,2,10,6.5,17,2024,84,1,0.0
2024-10-31,31.5,0.0,3,10,8.4,6,2024,82,3,-11.0
2024-11-01,33.2,0.0,4,11,9.1,21,2024,73,3,15.0
2024-11-02,32.4,0.0,5,11,8.6,7,2024,64,3,-14.0
2024-11-03,31.7,0.0,6,11,8.1,26,2024,66,3,19.0
2024-11-04,30.8,0.0,0,11,7.9,33,2024,67,3,7.0
2024-11-05,31.1,0.0,1,11,9.1,18,2024,65,3,-15.0
2024-11-06,30.9,0.0,2,11,7.7,31,2024,69,3,13.0
2024-11-07,30.6,0.0,3,11,7.2,19,2024,74,3,-12.0
2024-11-08,30.3,0.1,4,11,6.8,15,2024,72,1,-4.0
2024-11-09,30.9,0.0,5,11,6.6,37,2024,73,3,22.0
2024-11-10,30.1,0.7,6,11,9.2,32,2024,70,1,-5.0
2024-11-11,30.9,0.0,0,11,8.7,20,2024,65,3,-12.0
2024-11-12,30.7,0.0,1,11,9.9,24,2024,68,3,4.0
2024-11-13,30.7,0.0,2,11,6.9,13,2024,69,3,-11.0
2024-11-14,30.2,0.0,3,11,8.6,13,2024,67,3,0.0
2024-11-15,29.5,0.0,4,11,7.6,30,2024,68,3,17.0
2024-11-16,28.6,0.0,5,11,7.1,24,2024,68,3,-6.0
2024-11-17,28.7,0.0,6,11,6.5,20,2024,68,3,-4.0
2024-11-18,28.7,0.0,0,11,9.4,25,2024,65,3,5.0
2024-11-19,28.2,0.0,1,11,7.6,13,2024,65,3,-12.0
2024-11-20,27.1,0.0,2,11,8.3,26,2024,65,3,13.0
2024-11-21,27.5,0.0,3,11,5.9,17,2024,70,3,-9.0
2024-11-22,27.1,0.0,4,11,6.0,23,2024,69,3,6.0
2024-11-23,26.7,0.0,5,11,6.0,4,2024,70,3,-19.0
2024-11-24,26.4,0.0,6,11,5.9,19,2024,70,3,15.0
2024-11-25,26.9,0.0,0,11,7.5,31,2024,71,3,12.0
2024-11-26,27.1,0.0,1,11,7.8,12,2024,70,3,-19.0
2024-11-27,26.9,0.0,2,11,10.0,22,2024,69,3,10.0
2024-11-28,26.9,0.0,3,11,13.4,31,2024,68,3,9.0
2024-11-29,28.5,0.0,4,11,12.6,32,2024,69,3,1.0
2024-11-30,26.1,0.4,5,11,14.7,38,2024,83,1,6.0
2024-12-01,25.2,7.7,6,12,9.6,15,2024,90,0,-23.0
2024-12-02,26.0,2.5,0,12,12.0,21,2024,88,1,6.0
2024-12-03,27.8,0.1,1,12,8.7,13,2024,83,1,-8.0
2024-12-04,29.6,0.0,2,12,5.9,25,2024,81,3,12.0
2024-12-05,29.6,0.0,3,12,6.4,18,2024,78,3,-7.0
2024-12-06,28.8,0.0,4,12,8.4,29,2024,73,3,11.0
2024-12-07,28.5,0.0,5,12,8.0,27,2024,71,3,-2.0
2024-12-08,26.9,1.7,6,12,9.3,18,2024,86,1,-9.0
2024-12-09,26.3,2.3,0,12,12.5,13,2024,90,1,-5.0
2024-12-10,27.1,0.0,1,12,10.3,71,2024,73,3,58.0
2024-12-11,25.9,0.0,2,12,6.8,41,2024,70,3,-30.0
2024-12-12,25.3,0.0,3,12,6.9,31,2024,69,3,-10.0
2024-12-13,25.9,0.0,4,12,9.0,23,2024,71,3,-8.0
2024-12-14,25.5,0.0,5,12,8.3,14,2024,67,3,-9.0
2024-12-15,25.1,0.0,6,12,7.7,36,2024,65,3,22.0
2024-12-16,25.1,0.0,0,12,7.7,25,2024,66,3,-11.0
2024-12-17,25.7,0.0,1,12,7.0,11,2024,66,3,-14.0
2024-12-18,26.6,0.0,2,12,7.9,39,2024,68,3,28.0
2024-12-19,28.1,0.0,3,12,9.6,31,2024,74,3,-8.0
2024-12-20,26.4,1.2,4,12,10.7,17,2024,81,1,-14.0
2024-12-21,26.8,0.3,5,12,12.7,8,2024,81,1,-9.0
2024-12-22,26.7,0.0,6,12,7.8,18,2024,79,3,10.0
2024-12-23,27.4,0.0,0,12,7.1,27,2024,77,3,9.0
2024-12-24,25.7,0.0,1,12,11.2,25,2024,76,3,-2.0
2024-12-25,24.6,0.2,2,12,6.2,31,2024,81,1,6.0
2024-12-26,28.5,0.0,3,12,7.5,25,2024,77,3,-6.0
2024-12-27,29.3,0.0,4,12,9.0,15,2024,70,3,-10.0
2024-12-28,28.8,0.0,5,12,11.6,11,2024,67,3,-4.0
2024-12-29,27.5,0.4,6,12,10.5,5,2024,75,1,-6.0
2024-12-30,27.3,0.0,0,12,11.1,18,2024,74,3,13.0
2024-12-31,26.2,0.0,1,12,9.4,4,2024,67,3,-14.0
2025-01-01,24.5,0.0,2,1,8.5,3,2025,66,3,-1.0
2025-01-02,25.1,0.0,3,1,7.3,15,2025,63,3,12.0
2025-01-03,24.6,0.0,4,1,7.4,29,2025,68,3,14.0
2025-01-04,25.5,0.0,5,1,6.2,13,2025,73,3,-16.0
2025-01-05,26.4,0.0,6,1,5.6,16,2025,76,3,3.0
2025-01-06,25.8,0.0,0,1,7.6,17,2025,71,3,1.0
2025-01-07,26.8,0.0,1,1,11.6,6,2025,65,3,-11.0
2025-01-08,23.9,0.0,2,1,10.2,12,2025,60,3,6.0
2025-01-09,24.6,0.0,3,1,8.2,19,2025,63,3,7.0
2025-01-10,25.7,0.0,4,1,7.0,25,2025,70,3,6.0
2025-01-11,26.5,0.0,5,1,8.7,25,2025,73,3,0.0
2025-01-12,26.7,0.0,6,1,8.0,16,2025,72,3,-9.0
2025-01-13,27.2,0.0,0,1,7.8,26,2025,68,3,10.0
2025-01-14,27.7,0.0,1,1,8.3,13,2025,69,3,-13.0
2025-01-15,26.5,0.0,2,1,10.0,21,2025,68,3,8.0
2025-01-16,26.3,0.0,3,1,7.1,16,2025,69,3,-5.0
2025-01-17,26.3,0.0,4,1,10.2,10,2025,64,3,-6.0
2025-01-18,26.5,0.0,5,1,8.1,8,2025,62,3,-2.0
2025-01-19,26.5,0.0,6,1,8.2,21,2025,65,3,13.0
2025-01-20,26.4,0.0,0,1,7.7,11,2025,59,3,-10.0
2025-01-21,27.3,0.0,1,1,6.7,5,2025,69,3,-6.0
2025-01-22,28.7,0.0,2,1,6.8,10,2025,68,3,5.0
2025-01-23,29.5,0.0,3,1,7.0,9,2025,68,3,-1.0
2025-01-24,29.8,0.0,4,1,6.7,26,2025,69,3,17.0
2025-01-25,29.0,0.0,5,1,9.9,23,2025,67,3,-3.0
2025-01-26,27.6,0.0,6,1,11.4,11,2025,60,3,-12.0
2025-01-27,27.0,0.0,0,1,9.1,14,2025,59,3,3.0
2025-01-28,28.0,0.0,1,1,8.3,9,2025,60,3,-5.0
2025-01-29,28.5,0.0,2,1,8.4,12,2025,73,3,3.0
2025-01-30,30.3,0.0,3,1,8.7,28,2025,74,3,16.0
2025-01-31,31.4,0.0,4,1,10.3,44,2025,69,3,16.0
2025-02-01,32.1,0.0,5,2,8.0,22,2025,68,3,-22.0
2025-02-02,31.4,0.0,6,2,6.8,26,2025,67,3,4.0
2025-02-03,32.0,0.0,0,2,9.4,13,2025,62,3,-13.0
2025-02-04,31.8,0.0,1,2,8.0,40,2025,73,3,27.0
2025-02-05,32.3,0.0,2,2,9.1,27,2025,65,3,-13.0
2025-02-06,31.6,0.0,3,2,10.8,14,2025,58,3,-13.0
2025-02-07,29.0,0.0,4,2,9.7,18,2025,39,3,4.0
2025-02-08,28.4,0.0,5,2,8.2,24,2025,45,3,6.0
2025-02-09,29.0,0.0,6,2,8.6,23,2025,51,3,-1.0
2025-02-10,30.7,0.0,0,2,7.2,17,2025,50,3,-6.0
2025-02-11,31.2,0.0,1,2,7.9,24,2025,56,3,7.0
2025-02-12,32.9,0.0,2,2,12.7,19,2025,55,3,-5.0
2025-02-13,30.8,0.0,3,2,10.6,8,2025,49,3,-11.0
2025-02-14,28.5,0.0,4,2,8.7,14,2025,42,3,6.0
2025-02-15,29.3,0.0,5,2,10.0,7,2025,46,3,-7.0
2025-02-16,31.9,0.0,6,2,10.8,37,2025,48,3,30.0
2025-02-17,32.4,0.0,0,2,8.2,19,2025,54,3,-18.0
2025-02-18,31.5,0.0,1,2,9.1,41,2025,56,3,22.0
2025-02-19,31.4,0.0,2,2,15.8,24,2025,60,3,-17.0
2025-02-20,31.1,0.0,3,2,13.9,9,2025,73,3,-15.0
2025-02-21,31.8,0.0,4,2,12.1,41,2025,65,3,32.0
2025-02-22,31.9,0.1,5,2,12.5,22,2025,64,1,-19.0
2025-02-23,31.1,0.0,6,2,13.1,35,2025,59,3,13.0
2025-02-24,30.9,0.0,0,2,11.7,23,2025,45,3,-12.0
2025-02-25,31.0,0.0,1,2,9.3,27,2025,54,3,4.0
2025-02-26,31.4,0.0,2,2,10.2,14,2025,57,3,-13.0
2025-02-27,31.5,0.0,3,2,6.2,38,2025,60,3,24.0
2025-02-28,33.0,0.0,4,2,10.7,26,2025,55,3,-12.0
2025-03-01,34.3,0.0,5,3,9.9,11,2025,54,3,-15.0
2025-03-02,34.3,0.0,6,3,8.9,8,2025,47,3,-3.0
2025-03-03,33.9,0.0,0,3,13.3,10,2025,49,3,2.0
2025-03-04,34.0,0.0,1,3,13.5,15,2025,43,3,5.0
2025-03-05,31.8,0.0,2,3,16.3,43,2025,40,3,28.0
2025-03-06,29.8,0.0,3,3,10.9,19,2025,35,3,-24.0
2025-03-07,30.4,0.0,4,3,9.6,23,2025,38,3,4.0
2025-03-08,32.2,0.0,5,3,9.5,25,2025,38,3,2.0
2025-03-09,34.3,0.0,6,3,13.7,14,2025,47,3,-11.0
2025-03-10,34.0,0.0,0,3,13.2,17,2025,53,3,3.0
2025-03-11,33.7,0.0,1,3,8.2,13,2025,41,3,-4.0
2025-03-12,35.4,0.0,2,3,10.5,22,2025,41,3,9.0
2025-03-13,37.8,0.0,3,3,11.8,31,2025,36,3,9.0
2025-03-14,38.1,0.0,4,3,11.3,19,2025,38,3,-12.0
2025-03-15,37.5,0.0,5,3,8.7,7,2025,40,3,-12.0
2025-03-16,38.3,0.0,6,3,12.9,28,2025,36,3,21.0
2025-03-17,37.8,0.0,0,3,22.1,22,2025,38,3,-6.0
2025-03-18,35.7,0.0,1,3,15.9,53,2025,40,3,31.0
2025-03-19,38.1,0.0,2,3,15.0,27,2025,49,3,-26.0
2025-03-20,37.1,0.0,3,3,27.2,60,2025,48,3,33.0
2025-03-21,35.7,0.0,4,3,24.3,70,2025,60,3,10.0
2025-03-22,31.3,16.8,5,3,18.9,58,2025,72,0,-12.0
2025-03-23,31.8,0.5,6,3,18.9,57,2025,68,1,-1.0
2025-03-24,32.3,0.0,0,3,8.7,26,2025,62,3,-31.0
2025-03-25,33.4,0.0,1,3,6.3,17,2025,55,3,-9.0
2025-03-26,35.5,0.0,2,3,11.7,25,2025,47,3,8.0
2025-03-27,37.0,0.0,3,3,10.6,16,2025,41,3,-9.0
2025-03-28,37.9,0.0,4,3,9.7,21,2025,41,3,5.0
2025-03-29,38.3,0.0,5,3,12.1,30,2025,42,3,9.0
2025-03-30,38.1,0.0,6,3,9.5,22,2025,41,3,-8.0
2025-03-31,38.4,0.0,0,3,10.9,14,2025,44,3,-8.0
2025-04-01,38.3,0.0,1,4,14.2,48,2025,50,3,34.0
2025-04-02,37.9,1.2,2,4,22.3,52,2025,57,1,4.0
2025-04-03,36.5,1.2,3,4,22.2,28,2025,59,1,-24.0
2025-04-04,30.0,0.0,4,4,10.0,30,2025,64,3,2.0
2025-04-05,37.5,0.0,5,4,12.7,9,2025,46,3,-21.0
2025-04-06,40.4,0.0,6,4,14.7,15,2025,32,3,6.0
2025-04-07,39.9,0.0,0,4,25.9,36,2025,41,3,21.0
2025-04-08,39.5,0.0,1,4,22.5,27,2025,50,3,-9.0
2025-04-09,37.5,0.0,2,4,19.7,60,2025,52,3,33.0
2025-04-10,36.7,0.0,3,4,35.3,34,2025,54,3,-26.0
2025-04-11,38.3,0.0,4,4,15.5,41,2025,51,3,7.0
2025-04-12,39.7,0.0,5,4,19.2,34,2025,45,3,-7.0
2025-04-13,39.0,0.0,6,4,16.9,35,2025,45,3,1.0
2025-04-14,37.4,0.2,0,4,18.3,55,2025,47,1,20.0
2025-04-15,37.5,1.1,1,4,21.4,42,2025,59,1,-13.0
2025-04-16,37.2,0.0,2,4,21.8,25,2025,57,3,-17.0
2025-04-17,38.7,0.0,3,4,16.2,78,2025,51,3,53.0
2025-04-19,40.0,0.0,5,4,15.1,79,2025,47,3,1.0
2025-04-20,40.7,0.0,6,4,14.5,79,2025,44,3,0.0
2025-04-23,42.1,0.0,2,4,15.4,50,2025,29,3,-29.0
2025-04-24,42.4,0.0,3,4,16.3,58,2025,27,3,8.0
2025-04-26,41.4,0.0,5,4,27.6,53,2025,41,3,-5.0
2025-04-27,33.7,0.0,6,4,10.4,68,2025,46,3,15.0
2025-05-01,37.0,0.0,3,5,20.5,39,2025,52,3,-29.0
2025-05-05,36.2,0.1,0,5,11.7,41,2025,51,1,2.0
2025-05-06,37.4,0.0,1,5,8.7,50,2025,48,3,9.0
2025-05-07,37.8,0.0,2,5,16.6,36,2025,45,3,-14.0
2025-05-08,37.3,0.0,3,5,9.8,16,2025,47,3,-20.0
2025-05-09,36.7,0.0,4,5,10.2,32,2025,50,3,16.0
2025-05-10,39.0,0.0,5,5,11.3,58,2025,43,3,26.0
2025-05-13,40.1,2.4,1,5,15.7,76,2025,46,1,18.0
2025-05-14,40.1,0.0,2,5,11.3,71,2025,49,3,-5.0
2025-05-15,40.0,0.0,3,5,18.9,74,2025,51,3,3.0
2025-05-16,40.0,0.0,4,5,14.8,56,2025,50,3,-18.0
2025-05-17,38.9,2.5,5,5,16.1,56,2025,54,1,0.0
2025-05-18,40.0,1.8,6,5,21.7,59,2025,58,1,3.0
2025-05-22,34.3,0.7,3,5,17.7,72,2025,72,1,13.0
2025-05-23,34.4,0.2,4,5,9.4,71,2025,72,1,-1.0
2025-05-24,33.6,15.5,5,5,10.1,65,2025,81,0,-6.0
2025-05-25,32.7,2.2,6,5,16.1,78,2025,79,1,13.0
2025-05-26,34.5,17.8,0,5,12.0,49,2025,79,0,-29.0
2025-05-27,34.9,2.5,1,5,12.4,80,2025,80,1,31.0
2025-05-31,34.5,5.4,5,5,11.4,62,2025,77,2,-18.0
2025-06-01,37.1,0.0,6,6,19.7,36,2025,62,3,-26.0
2025-06-02,37.3,0.0,0,6,16.7,38,2025,48,3,2.0
2025-06-03,35.9,0.2,1,6,17.0,31,2025,59,1,-7.0
2025-06-04,35.9,0.1,2,6,22.6,50,2025,63,1,19.0
2025-06-05,34.9,0.0,3,6,10.0,44,2025,67,3,-6.0
2025-06-06,35.7,0.3,4,6,9.7,63,2025,61,1,19.0
2025-06-07,37.3,0.2,5,6,19.9,43,2025,57,1,-20.0
2025-06-08,37.4,0.0,6,6,15.8,78,2025,58,3,35.0
2025-06-09,37.3,0.3,0,6,14.2,53,2025,59,1,-25.0
2025-06-10,36.8,0.5,1,6,14.5,41,2025,65,1,-12.0
2025-06-11,35.4,0.3,2,6,17.7,48,2025,69,1,7.0
2025-06-12,35.1,0.9,3,6,17.1,36,2025,70,1,-12.0
2025-06-13,36.0,0.0,4,6,15.2,43,2025,69,3,7.0
2025-06-15,35.6,9.0,6,6,15.5,72,2025,76,0,29.0
2025-06-17,32.5,10.4,1,6,16.5,78,2025,85,0,6.0
2025-06-18,27.2,33.6,2,6,16.4,75,2025,94,0,-3.0
2025-06-19,26.7,24.8,3,6,22.8,39,2025,94,0,-36.0
2025-06-20,31.8,13.2,4,6,22.1,45,2025,76,0,6.0
2025-06-21,35.2,0.7,5,6,19.2,42,2025,66,1,-3.0
2025-06-22,33.9,0.2,6,6,16.4,32,2025,71,1,-10.0
2025-06-23,30.0,18.3,0,6,16.1,37,2025,85,0,5.0
2025-06-24,32.3,5.8,1,6,13.1,35,2025,84,2,-2.0
2025-06-25,32.2,37.7,2,6,12.8,39,2025,88,4,4.0
2025-06-26,29.7,25.9,3,6,15.3,29,2025,89,0,-10.0
2025-06-27,30.8,9.5,4,6,20.8,42,2025,83,0,13.0
2025-06-28,29.4,43.3,5,6,23.6,34,2025,88,4,-8.0
2025-06-29,31.6,10.2,6,6,21.1,15,2025,77,0,-19.0
2025-06-30,31.1,18.9,0,6,16.8,24,2025,87,0,9.0
2025-07-01,30.2,37.9,1,7,17.1,40,2025,90,4,16.0
2025-07-02,29.7,35.6,2,7,18.3,62,2025,92,4,22.0
2025-07-03,27.2,116.0,3,7,19.6,50,2025,95,4,-12.0
2025-07-04,30.3,33.3,4,7,20.3,68,2025,88,0,18.0
2025-07-05,30.5,56.5,5,7,19.6,78,2025,90,4,10.0
2025-07-06,28.9,154.8,6,7,21.6,78,2025,88,4,0.0
2025-07-07,28.9,10.2,0,7,15.6,56,2025,89,0,-22.0
2025-07-08,29.2,4.7,1,7,17.6,37,2025,83,2,-19.0
2025-07-09,29.1,40.1,2,7,18.5,48,2025,91,4,11.0
2025-07-10,30.5,16.7,3,7,15.8,59,2025,89,0,11.0
2025-07-11,31.2,5.3,4,7,13.4,38,2025,84,2,-21.0
2025-07-12,32.8,3.9,5,7,15.5,49,2025,82,2,11.0
2025-07-14,28.9,19.7,0,7,9.9,67,2025,92,0,18.0
2025-07-15,31.3,23.6,1,7,20.2,42,2025,88,0,-25.0
2025-07-16,32.9,10.6,2,7,13.5,36,2025,85,0,-6.0
2025-07-17,32.8,16.2,3,7,15.7,64,2025,86,0,28.0
2025-07-18,33.2,0.9,4,7,8.3,58,2025,84,1,-6.0
2025-07-19,33.3,6.3,5,7,12.9,36,2025,82,2,-22.0
2025-07-20,29.5,16.5,6,7,9.2,48,2025,89,0,12.0
2025-07-21,32.1,9.9,0,7,10.2,51,2025,85,0,3.0
2025-07-22,32.5,9.5,1,7,6.8,78,2025,85,0,27.0
2025-07-24,32.4,13.5,3,7,14.7,79,2025,89,0,1.0
2025-07-25,29.9,17.1,4,7,13.9,52,2025,88,0,-27.0
2025-07-26,30.1,16.2,5,7,22.0,56,2025,87,0,4.0
2025-07-27,32.0,1.7,6,7,22.2,46,2025,79,1,-10.0
2025-07-28,31.1,0.8,0,7,20.2,47,2025,75,1,1.0
2025-07-29,28.9,12.8,1,7,17.8,24,2025,87,0,-23.0
2025-07-30,31.1,1.5,2,7,17.4,28,2025,83,1,4.0
2025-07-31,32.7,0.9,3,7,18.6,37,2025,76,1,9.0
2025-08-01,32.2,1.8,4,8,16.0,64,2025,80,1,27.0
2025-08-02,31.1,16.4,5,8,16.8,37,2025,87,0,-27.0
2025-08-03,32.3,1.4,6,8,14.8,30,2025,84,1,-7.0
2025-08-04,32.6,2.1,0,8,9.0,50,2025,84,1,20.0
2025-08-05,32.8,1.8,1,8,7.3,58,2025,84,1,8.0
2025-08-06,32.6,11.5,2,8,17.0,44,2025,83,0,-14.0
2025-08-07,33.2,1.6,3,8,21.0,26,2025,84,1,-18.0
2025-08-08,30.1,6.8,4,8,20.6,35,2025,89,2,9.0
2025-08-09,31.8,1.0,5,8,14.5,35,2025,86,1,0.0
2025-08-10,32.2,7.1,6,8,11.5,43,2025,87,2,8.0
2025-08-11,32.6,6.3,0,8,10.0,58,2025,84,2,15.0
2025-08-12,33.1,2.9,1,8,14.1,62,2025,84,1,4.0
2025-08-14,31.2,10.7,3,8,18.3,47,2025,84,0,-15.0
2025-08-15,31.6,7.9,4,8,14.4,48,2025,86,0,1.0
2025-08-16,32.3,2.5,5,8,17.3,51,2025,82,1,3.0
2025-08-17,32.6,1.6,6,8,19.1,37,2025,80,1,-14.0
2025-08-18,31.7,1.5,0,8,22.0,54,2025,81,1,17.0
2025-08-19,31.0,16.4,1,8,16.0,50,2025,84,0,-4.0
2025-08-20,31.5,4.4,2,8,13.6,48,2025,86,2,-2.0
2025-08-21,30.4,9.9,3,8,17.9,59,2025,88,0,11.0
2025-08-22,27.4,60.9,4,8,17.0,30,2025,93,4,-29.0
2025-08-23,27.4,27.3,5,8,20.2,30,2025,92,0,0.0
2025-08-24,27.8,21.5,6,8,23.0,31,2025,91,0,1.0
2025-08-25,28.7,14.5,0,8,11.5,27,2025,90,0,-4.0
2025-08-26,31.2,13.3,1,8,7.8,36,2025,89,0,9.0
2025-08-27,31.7,2.4,2,8,13.7,29,2025,87,1,-7.0
2025-08-28,30.9,0.9,3,8,9.9,17,2025,86,1,-12.0
2025-08-29,31.8,0.5,4,8,11.0,20,2025,83,1,3.0
2025-08-30,31.4,0.8,5,8,17.7,27,2025,84,1,7.0
2025-08-31,31.3,17.9,6,8,9.2,44,2025,89,0,17.0
2025-09-01,31.1,5.4,0,9,16.8,34,2025,90,2,-10.0
2025-09-02,29.3,19.4,1,9,10.2,35,2025,92,0,1.0
2025-09-03,29.8,22.8,2,9,11.5,54,2025,91,0,19.0
2025-09-04,31.4,41.2,3,9,20.6,38,2025,90,4,-16.0
2025-09-05,30.1,7.2,4,9,8.5,34,2025,91,2,-4.0
2025-09-06,31.0,5.8,5,9,10.2,37,2025,87,2,3.0
2025-09-07,30.7,18.6,6,9,10.2,54,2025,89,0,17.0
2025-09-08,31.7,4.6,0,9,11.8,58,2025,90,2,4.0
2025-09-09,32.1,3.5,1,9,7.0,49,2025,87,2,-9.0
2025-09-10,32.0,6.3,2,9,8.9,72,2025,89,2,23.0
2025-09-11,30.4,15.7,3,9,10.3,52,2025,91,0,-20.0
2025-09-12,31.7,8.2,4,9,11.4,37,2025,90,0,-15.0
2025-09-13,31.1,2.5,5,9,13.9,36,2025,87,1,-1.0
2025-09-14,31.5,7.0,6,9,9.8,73,2025,88,2,37.0
2025-09-15,29.3,19.4,0,9,9.7,50,2025,93,0,-23.0
2025-09-16,28.5,14.1,1,9,11.7,22,2025,93,0,-28.0
2025-09-17,30.6,2.1,2,9,14.0,34,2025,88,1,12.0
2025-09-18,31.2,0.9,3,9,9.3,48,2025,88,1,14.0
2025-09-19,32.2,3.5,4,9,11.0,50,2025,87,2,2.0
2025-09-20,32.4,4.8,5,9,11.8,49,2025,88,2,-1.0
2025-09-23,28.1,51.3,1,9,10.5,79,2025,92,4,30.0
2025-09-24,28.9,43.2,2,9,12.1,52,2025,92,4,-27.0
2025-09-25,31.4,1.9,3,9,13.4,53,2025,87,1,1.0
2025-09-26,31.5,27.3,4,9,15.6,58,2025,91,0,5.0
2025-09-27,30.6,12.1,5,9,21.8,36,2025,87,0,-22.0
2025-09-28,30.4,5.8,6,9,12.3,29,2025,88,2,-7.0
2025-09-29,31.1,0.5,0,9,8.2,12,2025,88,1,-17.0
2025-09-30,31.0,5.0,1,9,9.3,19,2025,90,2,7.0
2025-10-01,31.8,5.2,2,10,16.3,65,2025,86,2,46.0
2025-10-02,30.5,36.4,3,10,22.8,60,2025,89,4,-5.0
2025-10-03,27.9,22.6,4,10,17.4,28,2025,92,0,-32.0
2025-10-04,30.6,11.3,5,10,14.4,30,2025,92,0,2.0
2025-10-05,28.8,6.1,6,10,13.3,35,2025,94,2,5.0
2025-10-06,28.8,3.0,0,10,7.1,17,2025,93,2,-18.0
2025-10-07,29.9,2.5,1,10,11.1,35,2025,91,1,18.0
2025-10-08,30.6,4.9,2,10,6.9,40,2025,90,2,5.0
2025-10-09,31.0,2.6,3,10,7.4,34,2025,89,1,-6.0
2025-10-10,31.2,4.8,4,10,15.7,31,2025,85,2,-3.0
2025-10-11,31.5,0.0,5,10,9.0,14,2025,77,3,-17.0
2025-10-12,31.0,0.0,6,10,6.2,31,2025,78,3,17.0
2025-10-13,31.0,0.0,0,10,8.2,26,2025,77,3,-5.0
2025-10-14,31.4,0.0,1,10,6.3,15,2025,77,3,-11.0
2025-10-15,31.4,0.0,2,10,6.1,18,2025,78,3,3.0
2025-10-16,30.9,0.0,3,10,8.2,18,2025,75,3,0.0
2025-10-17,31.0,0.0,4,10,7.8,17,2025,75,3,-1.0
2025-10-18,30.5,0.0,5,10,6.3,37,2025,77,3,20.0
2025-10-19,30.2,0.6,6,10,9.4,42,2025,85,1,5.0
