,time,temp_max_C,temp_min_C,temp_mean_C,precip_mm,wind_speed_max_m_s,weather_code,heavy_rain_flag,thunderstorm_flag,Complaint_Count
0,2022-06-10,41.0,30.3,34.6,0.1,16.6,51,0,0,10.0
1,2022-06-11,41.0,30.8,34.8,0.2,25.3,51,0,0,12.0
2,2022-06-12,39.8,29.5,34.4,0.0,16.7,3,0,0,5.0
3,2022-06-13,40.2,29.5,34.7,0.0,13.3,3,0,0,15.0
4,2022-06-14,39.2,30.0,32.9,8.6,19.0,63,0,0,16.0
5,2022-06-15,35.6,26.1,30.7,6.0,17.4,63,0,0,15.0
6,2022-06-16,36.8,26.5,30.4,0.6,15.3,53,0,0,11.0
7,2022-06-17,34.3,25.5,28.6,23.2,15.2,63,0,0,13.0
8,2022-06-18,31.5,25.4,27.6,11.2,15.0,63,0,0,26.0
9,2022-06-19,32.7,25.2,27.3,14.8,20.6,63,0,0,19.0
10,2022-06-20,32.0,25.2,27.2,11.7,16.2,63,0,0,20.0
11,2022-06-21,32.0,24.3,27.6,16.0,10.4,65,0,0,14.0
12,2022-06-22,32.5,24.9,28.1,9.9,12.9,65,0,0,11.0
13,2022-06-23,31.7,25.8,28.2,9.0,11.9,63,0,0,7.0
14,2022-06-24,30.1,24.2,27.2,19.6,18.9,63,0,0,12.0
15,2022-06-25,30.9,24.1,26.7,14.5,10.7,63,0,0,8.0
16,2022-06-26,32.2,24.0,28.1,4.1,13.1,61,0,0,11.0
17,2022-06-27,33.0,25.6,29.2,0.5,12.0,51,0,0,9.0
18,2022-06-28,33.5,25.7,29.4,1.7,12.1,53,0,0,5.0
19,2022-06-29,33.7,25.9,28.9,3.9,13.8,61,0,0,5.0
20,2022-06-30,31.2,25.3,27.9,9.1,10.5,63,0,0,5.0
21,2022-07-01,31.0,24.4,27.9,14.0,10.3,63,0,0,7.0
22,2022-07-02,32.1,24.8,28.0,16.0,9.9,63,0,0,7.0
23,2022-07-03,29.6,24.4,26.4,25.7,10.7,65,0,0,6.0
24,2022-07-04,30.3,24.2,26.6,20.9,9.4,63,0,0,9.0
25,2022-07-05,30.2,24.9,27.0,21.9,7.4,63,0,0,9.0
26,2022-07-06,31.8,24.6,27.0,28.1,10.7,65,0,0,11.0
27,2022-07-07,32.3,24.9,27.8,9.1,14.0,63,0,0,5.0
28,2022-07-08,32.3,24.8,27.8,12.2,16.2,63,0,0,3.0
29,2022-07-09,31.0,25.0,27.6,7.9,18.9,63,0,0,9.0
30,2022-07-10,32.2,25.0,27.8,3.2,13.0,63,0,0,16.0
31,2022-07-11,31.7,25.1,27.8,5.7,12.2,63,0,0,6.0
32,2022-07-12,30.4,25.0,27.5,16.6,15.6,63,0,0,11.0
33,2022-07-13,31.2,24.9,27.3,29.5,14.9,63,0,0,11.0
34,2022-07-14,28.4,24.4,25.9,54.5,14.4,65,1,0,12.0
35,2022-07-15,30.2,24.1,26.5,21.3,10.1,65,0,0,14.0
36,2022-07-16,31.2,24.6,26.7,19.6,11.9,65,0,0,12.0
37,2022-07-17,31.3,24.3,27.4,26.7,25.7,63,0,0,13.0
38,2022-07-18,31.4,25.2,27.4,5.0,13.0,61,0,0,12.0
39,2022-07-19,31.1,24.7,27.5,1.4,18.8,51,0,0,8.0
40,2022-07-20,30.7,25.0,27.9,0.2,15.3,51,0,0,8.0
41,2022-07-21,31.0,25.1,27.4,6.7,10.7,63,0,0,9.0
42,2022-07-22,30.3,24.9,26.5,21.1,7.2,63,0,0,10.0
43,2022-07-23,30.3,24.7,26.7,7.5,9.5,63,0,0,12.0
44,2022-07-24,29.3,24.3,26.4,22.6,9.2,65,0,0,12.0
45,2022-07-25,29.7,24.0,26.4,32.5,10.5,65,0,0,11.0
46,2022-07-26,31.2,24.1,27.4,19.5,11.5,65,0,0,7.0
47,2022-07-27,32.0,24.4,28.0,0.6,7.0,51,0,0,3.0
48,2022-07-28,31.0,24.8,27.5,8.4,11.0,63,0,0,12.0
49,2022-07-29,30.9,24.6,27.7,9.3,10.3,63,0,0,8.0
50,2022-07-30,32.7,25.5,28.3,2.6,9.3,61,0,0,6.0
51,2022-07-31,32.3,24.9,28.4,4.9,11.2,61,0,0,13.0
52,2022-08-01,32.3,25.7,28.5,2.5,11.5,61,0,0,11.0
53,2022-08-02,32.2,25.0,28.1,10.9,7.4,63,0,0,7.0
54,2022-08-03,31.5,25.1,28.0,5.9,14.8,63,0,0,17.0
55,2022-08-04,32.9,25.2,28.7,0.3,13.2,51,0,0,5.0
56,2022-08-05,32.7,25.1,29.0,1.2,9.0,53,0,0,13.0
57,2022-08-06,31.6,25.4,27.8,5.3,8.4,61,0,0,8.0
58,2022-08-07,30.6,24.7,26.8,26.1,15.5,65,0,0,7.0
59,2022-08-08,31.4,25.0,27.1,17.9,16.3,63,0,0,1.0
60,2022-08-09,28.5,25.4,26.5,20.8,14.8,63,0,0,9.0
61,2022-08-10,27.9,24.4,25.7,50.6,20.6,65,1,0,10.0
62,2022-08-11,28.3,24.0,25.5,17.0,17.6,63,0,0,7.0
63,2022-08-12,29.2,24.1,25.8,26.6,16.3,63,0,0,4.0
64,2022-08-13,27.7,24.4,25.7,23.9,17.1,63,0,0,4.0
65,2022-08-14,26.9,24.6,25.4,60.5,16.9,65,1,0,10.0
66,2022-08-15,27.9,24.0,25.4,51.2,23.8,63,1,0,13.0
67,2022-08-16,31.5,23.8,27.2,0.1,13.4,51,0,0,5.0
68,2022-08-17,32.2,24.5,28.0,1.1,11.6,53,0,0,2.0
69,2022-08-18,31.7,25.2,27.5,12.5,15.8,63,0,0,6.0
70,2022-08-19,28.7,24.6,26.1,49.7,12.4,65,0,0,11.0
71,2022-08-20,27.0,24.4,25.4,41.8,20.8,63,0,0,14.0
72,2022-08-21,30.1,24.4,26.6,11.1,19.2,63,0,0,7.0
73,2022-08-22,31.9,24.5,27.5,4.1,14.6,63,0,0,8.0
74,2022-08-23,32.1,24.1,28.0,0.4,8.4,51,0,0,9.0
75,2022-08-24,29.9,24.3,26.6,14.6,9.4,65,0,0,5.0
76,2022-08-25,30.6,24.3,26.8,3.6,9.7,61,0,0,7.0
77,2022-08-26,32.1,24.3,28.0,0.6,7.9,51,0,0,3.0
78,2022-08-27,32.7,25.0,28.2,1.5,9.1,53,0,0,8.0
79,2022-08-28,30.4,24.7,27.3,5.4,7.2,63,0,0,8.0
80,2022-08-29,32.6,24.4,28.2,1.7,10.8,55,0,0,13.0
81,2022-08-30,33.7,25.4,29.1,0.0,7.1,3,0,0,13.0
82,2022-08-31,32.4,25.5,28.5,5.4,12.2,61,0,0,7.0
83,2022-09-01,32.5,24.8,28.2,4.7,7.1,61,0,0,4.0
84,2022-09-02,32.0,24.9,28.4,0.7,9.6,51,0,0,5.0
85,2022-09-03,31.1,25.7,27.8,14.2,10.8,63,0,0,7.0
86,2022-09-04,31.3,25.3,27.2,8.6,11.2,63,0,0,6.0
87,2022-09-05,31.5,24.3,27.4,2.6,8.7,53,0,0,6.0
88,2022-09-06,32.2,24.5,27.8,3.3,8.0,63,0,0,4.0
89,2022-09-07,31.0,25.1,27.9,7.1,6.3,63,0,0,8.0
90,2022-09-08,32.4,25.3,28.0,7.6,16.8,63,0,0,7.0
91,2022-09-09,32.5,25.2,28.1,1.5,15.7,53,0,0,6.0
92,2022-09-10,32.0,24.8,27.3,4.2,16.3,61,0,0,3.0
93,2022-09-11,29.9,24.9,26.4,20.8,17.6,63,0,0,9.0
94,2022-09-12,31.2,24.4,26.5,23.5,19.8,65,0,0,4.0
95,2022-09-13,29.7,24.2,26.1,24.8,12.9,63,0,0,4.0
96,2022-09-14,30.9,23.5,26.7,9.3,16.2,63,0,0,8.0
97,2022-09-15,31.2,24.6,27.5,2.7,14.8,63,0,0,2.0
98,2022-09-16,31.2,24.6,27.1,7.9,15.6,63,0,0,6.0
99,2022-09-17,30.8,24.4,27.1,5.6,11.9,63,0,0,9.0
100,2022-09-18,29.8,24.3,26.7,11.8,9.5,63,0,0,7.0
101,2022-09-19,30.4,23.7,26.2,25.9,10.0,63,0,0,12.0
102,2022-09-20,28.9,24.1,26.0,21.4,7.8,63,0,0,7.0
103,2022-09-21,30.3,23.5,25.9,30.5,10.9,63,0,0,9.0
104,2022-09-22,30.3,23.6,26.2,12.3,11.1,61,0,0,10.0
105,2022-09-23,29.1,23.8,25.8,3.7,11.1,61,0,0,6.0
106,2022-09-24,31.4,23.7,27.0,1.9,9.9,53,0,0,7.0
107,2022-09-25,31.6,23.2,27.4,0.8,12.5,53,0,0,7.0
108,2022-09-26,30.8,23.8,27.1,9.1,6.9,63,0,0,8.0
109,2022-09-27,30.5,23.7,26.6,4.2,13.5,63,0,0,8.0
110,2022-09-28,31.1,23.9,26.8,4.8,12.6,63,0,0,6.0
111,2022-09-29,30.8,24.1,26.6,7.3,7.1,63,0,0,12.0
112,2022-09-30,31.3,23.8,27.1,1.0,10.2,51,0,0,5.0
113,2022-10-01,31.6,23.4,27.1,1.1,7.7,53,0,0,5.0
114,2022-10-02,31.5,23.5,27.0,10.9,15.9,63,0,0,7.0
115,2022-10-03,30.8,24.4,26.5,18.9,9.2,63,0,0,9.0
116,2022-10-04,28.0,24.3,25.6,7.7,14.1,63,0,0,4.0
117,2022-10-05,30.6,24.2,26.9,5.4,17.4,61,0,0,3.0
118,2022-10-06,29.6,24.1,26.4,6.5,19.9,63,0,0,5.0
119,2022-10-07,30.1,23.8,26.2,5.1,14.9,61,0,0,3.0
120,2022-10-08,30.7,22.7,26.2,2.6,10.5,61,0,0,6.0
121,2022-10-09,31.5,22.9,26.2,4.3,13.5,61,0,0,1.0
122,2022-10-10,30.7,23.4,26.0,5.9,11.0,63,0,0,4.0
123,2022-10-11,30.0,23.0,25.5,5.7,7.9,63,0,0,7.0
124,2022-10-12,29.4,23.3,25.3,13.0,9.4,63,0,0,6.0
125,2022-10-13,29.6,23.0,25.8,2.4,5.5,53,0,0,9.0
126,2022-10-14,29.7,22.6,25.2,7.9,11.3,63,0,0,7.0
127,2022-10-15,30.5,22.8,26.1,0.7,6.6,53,0,0,12.0
128,2022-10-16,30.1,23.1,26.2,0.9,6.6,51,0,0,5.0
129,2022-10-17,30.3,23.0,25.9,8.1,7.6,63,0,0,7.0
130,2022-10-18,29.5,22.3,25.0,2.6,10.1,61,0,0,5.0
131,2022-10-19,30.2,22.1,25.4,0.2,7.9,51,0,0,6.0
132,2022-10-20,30.5,20.0,24.6,0.0,9.6,0,0,0,5.0
133,2022-10-21,30.0,18.0,23.8,0.0,10.0,0,0,0,8.0
134,2022-10-22,30.0,18.5,23.7,0.0,11.2,0,0,0,3.0
135,2022-10-23,30.6,20.2,24.7,0.0,12.8,3,0,0,1.0
136,2022-10-24,30.6,20.8,25.2,0.0,12.2,3,0,0,1.0
137,2022-10-25,29.8,20.2,24.6,0.0,5.8,2,0,0,2.0
138,2022-10-26,29.7,18.6,23.9,0.0,9.1,0,0,0,7.0
139,2022-10-27,29.8,18.0,24.1,0.0,8.2,0,0,0,1.0
140,2022-10-28,29.3,17.2,23.0,0.0,8.5,0,0,0,4.0
141,2022-10-29,29.2,15.6,21.5,0.0,10.4,0,0,0,2.0
142,2022-10-30,28.6,15.2,22.0,0.0,11.2,0,0,0,2.0
143,2022-10-31,29.3,16.5,22.4,0.0,8.4,3,0,0,4.0
144,2022-11-01,29.7,18.3,23.8,0.0,7.3,3,0,0,5.0
145,2022-11-02,28.9,20.3,24.0,0.0,7.4,3,0,0,2.0
146,2022-11-03,29.7,18.0,23.2,0.0,8.9,3,0,0,5.0
147,2022-11-04,30.0,16.2,23.5,0.0,9.3,0,0,0,3.0
148,2022-11-05,29.8,17.1,23.5,0.0,8.1,0,0,0,4.0
149,2022-11-06,29.8,18.2,23.7,0.0,8.7,0,0,0,2.0
150,2022-11-07,29.3,17.5,23.7,0.0,6.8,3,0,0,1.0
151,2022-11-08,29.5,18.6,24.2,0.0,7.8,3,0,0,3.0
152,2022-11-09,28.5,19.4,23.6,0.1,7.7,51,0,0,5.0
153,2022-11-10,29.2,18.0,22.8,0.0,11.3,1,0,0,8.0
154,2022-11-11,29.3,17.3,22.1,0.0,8.2,3,0,0,7.0
155,2022-11-12,29.0,17.3,22.5,0.0,9.2,3,0,0,7.0
156,2022-11-13,28.2,15.8,21.2,0.0,8.9,0,0,0,6.0
157,2022-11-14,28.0,15.2,20.6,0.0,9.2,0,0,0,6.0
158,2022-11-15,27.4,13.8,20.3,0.0,9.4,0,0,0,10.0
159,2022-11-16,27.7,14.4,20.4,0.0,11.4,0,0,0,4.0
160,2022-11-17,28.8,14.7,20.7,0.0,10.5,0,0,0,3.0
161,2022-11-18,28.2,16.0,21.1,0.0,10.6,2,0,0,6.0
162,2022-11-19,26.8,15.0,20.1,0.0,10.4,3,0,0,10.0
163,2022-11-20,26.9,13.3,19.6,0.0,11.2,3,0,0,3.0
164,2022-11-21,27.8,14.9,20.9,0.0,9.0,3,0,0,5.0
165,2022-11-22,28.7,17.1,22.0,0.0,8.5,3,0,0,3.0
166,2022-11-23,28.3,16.5,21.2,0.0,8.8,3,0,0,12.0
167,2022-11-24,27.6,15.1,20.1,0.0,9.0,3,0,0,2.0
168,2022-11-25,27.4,14.5,19.8,0.0,10.1,2,0,0,9.0
169,2022-11-26,26.8,13.5,19.7,0.0,8.8,0,0,0,1.0
170,2022-11-27,26.6,12.7,19.6,0.0,10.3,0,0,0,5.0
171,2022-11-28,27.0,13.6,19.4,0.0,9.5,0,0,0,5.0
172,2022-11-29,28.0,13.8,20.2,0.0,9.8,3,0,0,6.0
173,2022-11-30,28.4,15.0,20.9,0.0,10.2,0,0,0,8.0
174,2022-12-01,28.6,15.7,21.0,0.0,9.0,0,0,0,4.0
175,2022-12-02,28.5,15.7,21.0,0.0,9.0,0,0,0,5.0
176,2022-12-03,28.4,15.6,21.8,0.0,8.2,0,0,0,7.0
177,2022-12-04,28.2,15.2,21.2,0.0,8.2,0,0,0,6.0
178,2022-12-05,27.6,14.7,21.4,0.0,8.4,2,0,0,2.0
179,2022-12-06,27.3,14.3,20.2,0.0,10.6,3,0,0,6.0
180,2022-12-07,26.1,13.6,19.1,0.0,9.4,3,0,0,10.0
181,2022-12-08,26.2,13.2,18.8,0.0,10.3,3,0,0,6.0
182,2022-12-09,26.5,12.4,19.2,0.0,8.3,3,0,0,12.0
183,2022-12-10,23.1,17.3,19.8,0.0,8.0,3,0,0,4.0
184,2022-12-11,27.9,15.2,21.4,0.0,7.5,3,0,0,5.0
185,2022-12-12,29.8,16.2,22.3,0.0,9.0,3,0,0,15.0
186,2022-12-13,30.5,17.9,23.8,0.0,8.9,0,0,0,12.0
187,2022-12-14,30.5,17.6,23.4,0.0,9.0,3,0,0,20.0
188,2022-12-15,29.2,17.9,23.4,0.0,8.4,0,0,0,10.0
189,2022-12-16,28.1,16.5,22.1,0.0,8.6,0,0,0,20.0
190,2022-12-17,27.1,13.9,19.8,0.0,9.7,3,0,0,6.0
191,2022-12-18,26.6,12.7,18.8,0.0,10.5,3,0,0,3.0
192,2022-12-19,26.3,11.8,19.0,0.0,8.9,3,0,0,4.0
193,2022-12-20,26.8,11.6,19.4,0.0,9.3,3,0,0,5.0
194,2022-12-21,26.9,12.4,18.8,0.0,10.2,3,0,0,11.0
195,2022-12-22,27.0,11.7,18.2,0.0,9.8,3,0,0,6.0
196,2022-12-23,28.6,11.8,19.0,0.0,11.3,3,0,0,8.0
197,2022-12-24,29.2,14.8,20.7,0.0,11.8,0,0,0,9.0
198,2022-12-25,28.7,15.1,20.9,0.0,11.4,3,0,0,8.0
199,2022-12-26,29.0,16.1,22.0,0.0,10.4,0,0,0,18.0
200,2022-12-27,30.0,15.4,22.8,0.0,12.7,1,0,0,14.0
201,2022-12-28,28.3,17.1,22.1,0.0,12.3,3,0,0,3.0
202,2022-12-29,26.0,13.7,19.2,0.0,9.7,3,0,0,16.0
203,2022-12-30,26.9,11.9,19.0,0.0,10.4,0,0,0,5.0
204,2022-12-31,28.3,14.4,21.2,0.0,13.2,2,0,0,3.0
205,2023-01-01,27.6,14.0,20.4,0.0,12.4,3,0,0,2.0
206,2023-01-02,27.4,14.4,20.4,0.0,10.4,1,0,0,6.0
207,2023-01-03,26.4,16.0,20.7,0.4,9.6,51,0,0,10.0
208,2023-01-04,27.5,15.8,21.7,0.0,9.1,3,0,0,19.0
209,2023-01-05,27.3,17.7,22.0,0.0,13.3,3,0,0,8.0
210,2023-01-06,25.0,15.3,19.2,0.0,13.3,0,0,0,11.0
211,2023-01-07,24.7,11.1,17.8,0.0,11.0,0,0,0,3.0
212,2023-01-08,25.7,9.6,17.2,0.0,10.9,0,0,0,7.0
213,2023-01-09,26.5,10.9,18.2,0.0,11.4,0,0,0,6.0
214,2023-01-10,27.3,11.5,19.1,0.0,9.7,0,0,0,9.0
215,2023-01-11,27.8,11.5,19.3,0.0,10.5,0,0,0,4.0
216,2023-01-12,28.5,12.4,19.6,0.0,10.4,0,0,0,13.0
217,2023-01-13,29.3,13.1,20.8,0.0,9.0,0,0,0,9.0
218,2023-01-14,29.3,14.4,21.7,0.0,11.0,1,0,0,24.0
219,2023-01-15,27.7,15.2,21.1,0.0,12.5,0,0,0,4.0
220,2023-01-16,27.4,15.1,20.8,0.0,10.4,0,0,0,16.0
221,2023-01-17,28.7,14.9,21.2,0.0,9.2,1,0,0,7.0
222,2023-01-18,28.6,16.9,22.0,0.0,11.2,3,0,0,3.0
223,2023-01-19,28.0,16.5,21.5,0.0,12.0,3,0,0,5.0
224,2023-01-20,29.0,15.4,21.6,0.0,9.5,3,0,0,16.0
225,2023-01-21,29.0,16.3,22.3,0.0,10.3,0,0,0,3.0
226,2023-01-22,30.0,15.0,21.7,0.0,9.5,0,0,0,9.0
227,2023-01-23,29.8,16.0,21.9,0.0,11.2,1,0,0,6.0
228,2023-01-24,30.5,14.5,21.4,0.0,9.4,3,0,0,7.0
229,2023-01-25,30.5,16.1,22.2,0.0,11.1,3,0,0,4.0
230,2023-01-26,30.7,17.6,23.0,0.0,10.0,0,0,0,6.0
231,2023-01-27,30.9,16.8,23.9,0.0,9.9,0,0,0,4.0
232,2023-01-28,31.0,18.0,23.8,0.0,9.8,0,0,0,2.0
233,2023-01-29,31.4,17.2,24.1,0.0,9.5,2,0,0,9.0
234,2023-01-30,31.0,17.8,23.6,0.0,10.0,3,0,0,5.0
235,2023-01-31,31.2,16.6,23.7,0.0,10.5,3,0,0,6.0
236,2023-02-01,30.0,18.1,23.4,0.0,11.3,3,0,0,9.0
237,2023-02-02,27.7,15.5,20.8,0.0,12.0,3,0,0,8.0
238,2023-02-03,29.1,13.3,20.5,0.0,10.9,3,0,0,6.0
239,2023-02-04,29.1,12.3,20.7,0.0,10.6,2,0,0,3.0
240,2023-02-05,29.6,12.6,20.8,0.0,11.2,0,0,0,3.0
241,2023-02-06,30.3,14.0,22.1,0.0,11.0,0,0,0,11.0
242,2023-02-07,31.5,13.8,22.7,0.0,10.9,0,0,0,9.0
243,2023-02-08,31.0,15.4,23.4,0.0,15.8,0,0,0,23.0
244,2023-02-09,30.3,15.0,22.4,0.0,10.5,2,0,0,9.0
245,2023-02-10,31.6,13.5,22.4,0.0,10.4,3,0,0,17.0
246,2023-02-11,34.2,16.5,25.3,0.0,15.5,0,0,0,11.0
247,2023-02-12,31.6,16.4,23.4,0.0,12.0,0,0,0,3.0
248,2023-02-13,29.2,14.7,21.7,0.0,16.6,0,0,0,26.0
249,2023-02-14,29.2,14.8,21.3,0.0,12.0,0,0,0,11.0
250,2023-02-15,31.5,13.9,22.2,0.0,16.5,0,0,0,16.0
251,2023-02-16,29.4,14.4,22.0,0.0,12.0,0,0,0,17.0
252,2023-02-17,31.3,16.1,23.4,0.0,10.5,0,0,0,6.0
253,2023-02-18,31.7,18.4,24.5,0.0,10.2,1,0,0,7.0
254,2023-02-19,32.5,18.9,25.4,0.0,8.9,0,0,0,20.0
255,2023-02-20,33.0,18.2,25.6,0.0,14.7,0,0,0,11.0
256,2023-02-21,34.5,16.2,25.0,0.0,9.7,0,0,0,4.0
257,2023-02-22,35.7,19.3,26.8,0.0,10.4,3,0,0,8.0
258,2023-02-23,34.4,18.0,25.8,0.0,12.3,3,0,0,11.0
259,2023-02-24,34.4,17.3,25.4,0.0,12.2,2,0,0,6.0
260,2023-02-25,34.3,19.4,25.9,0.0,12.0,0,0,0,8.0
261,2023-02-26,34.3,17.2,25.7,0.0,11.5,0,0,0,18.0
262,2023-02-27,34.2,19.4,26.1,0.0,10.2,0,0,0,15.0
263,2023-02-28,34.8,18.1,25.8,0.0,11.4,0,0,0,6.0
264,2023-03-01,35.1,18.8,27.4,0.0,11.0,0,0,0,23.0
265,2023-03-02,35.5,19.6,27.1,0.0,13.5,0,0,0,17.0
266,2023-03-03,35.8,19.6,27.5,0.0,12.8,0,0,0,27.0
267,2023-03-04,35.8,18.5,27.0,0.0,9.9,0,0,0,4.0
268,2023-03-05,35.8,19.1,27.2,0.0,12.1,0,0,0,7.0
269,2023-03-06,35.0,19.9,27.7,0.0,14.1,1,0,0,29.0
270,2023-03-07,35.5,19.5,27.3,0.0,9.0,3,0,0,10.0
271,2023-03-08,34.3,20.6,27.2,0.0,11.7,3,0,0,5.0
272,2023-03-09,34.5,20.7,27.8,0.0,14.8,3,0,0,3.0
273,2023-03-10,35.4,20.2,27.5,0.0,17.6,3,0,0,14.0
274,2023-03-11,35.1,19.5,27.0,0.0,12.0,0,0,0,27.0
275,2023-03-12,35.5,19.2,27.5,0.0,9.6,0,0,0,15.0
276,2023-03-13,35.9,19.6,27.2,0.0,9.7,3,0,0,13.0
277,2023-03-14,36.0,21.6,28.1,0.0,20.5,3,0,0,12.0
278,2023-03-15,35.5,20.1,27.8,0.0,14.8,3,0,0,23.0
279,2023-03-16,35.4,23.0,27.5,0.0,17.4,3,0,0,7.0
280,2023-03-17,30.8,20.9,25.2,2.0,8.0,61,0,0,19.0
281,2023-03-18,31.9,20.3,24.7,0.6,12.1,53,0,0,27.0
282,2023-03-19,28.1,19.6,23.1,4.6,13.5,63,0,0,26.0
283,2023-03-20,29.8,17.6,23.4,0.5,13.8,51,0,0,16.0
284,2023-03-21,30.2,18.6,23.5,4.0,15.9,63,0,0,19.0
285,2023-03-22,31.1,19.9,24.3,1.9,15.4,53,0,0,15.0
286,2023-03-23,31.5,18.4,25.4,0.0,12.6,1,0,0,12.0
287,2023-03-24,33.8,19.8,27.0,0.0,9.7,1,0,0,8.0
288,2023-03-25,35.4,21.3,28.7,0.0,11.3,1,0,0,8.0
289,2023-03-26,34.3,22.2,28.7,0.4,16.7,51,0,0,8.0
290,2023-03-27,35.0,21.9,28.1,0.2,13.7,51,0,0,21.0
291,2023-03-28,36.3,22.0,28.9,0.0,13.0,3,0,0,28.0
292,2023-03-29,36.9,23.4,30.1,0.0,15.5,1,0,0,6.0
293,2023-03-30,37.8,23.5,30.3,0.0,26.7,2,0,0,23.0
294,2023-03-31,32.3,22.9,26.8,6.1,17.4,61,0,0,21.0
295,2023-04-01,30.5,21.0,25.2,15.7,22.7,63,0,0,17.0
296,2023-04-02,32.8,21.1,27.0,0.5,16.5,53,0,0,21.0
297,2023-04-03,35.0,20.2,27.8,0.0,13.4,3,0,0,15.0
298,2023-04-04,36.7,20.4,28.8,0.0,17.8,1,0,0,18.0
299,2023-04-05,35.5,22.9,29.3,0.0,15.0,1,0,0,13.0
300,2023-04-06,36.8,22.1,29.4,0.0,12.8,3,0,0,29.0
301,2023-04-07,37.0,22.6,30.4,0.0,10.7,3,0,0,16.0
302,2023-04-08,37.5,24.0,29.9,0.0,22.2,3,0,0,25.0
303,2023-04-09,36.4,22.7,30.0,0.0,14.2,3,0,0,20.0
304,2023-04-10,37.4,23.6,30.8,0.0,15.5,3,0,0,10.0
305,2023-04-11,39.2,24.0,31.6,0.0,11.8,0,0,0,7.0
306,2023-04-12,39.9,22.7,31.6,0.0,10.5,1,0,0,16.0
307,2023-04-13,41.4,22.6,32.2,0.0,13.8,2,0,0,19.0
308,2023-04-14,41.0,24.3,33.7,0.0,13.5,3,0,0,10.0
309,2023-04-15,41.6,25.0,34.1,0.0,13.4,3,0,0,7.0
310,2023-04-16,41.7,26.5,34.0,0.0,15.7,3,0,0,15.0
311,2023-04-17,41.2,26.4,33.9,0.0,14.0,3,0,0,19.0
312,2023-04-18,41.7,26.1,34.1,0.0,10.6,3,0,0,15.0
313,2023-04-19,42.5,25.7,34.8,0.0,16.9,3,0,0,5.0
314,2023-04-20,41.5,26.0,33.3,0.0,29.0,3,0,0,26.0
315,2023-04-21,32.4,24.9,28.3,0.0,25.6,3,0,0,21.0
316,2023-04-22,38.0,24.3,29.7,0.4,20.5,51,0,0,23.0
317,2023-04-23,33.0,22.3,27.6,0.1,9.5,51,0,0,14.0
318,2023-04-24,35.5,22.4,29.0,0.0,14.2,3,0,0,20.0
319,2023-04-25,32.0,23.7,28.2,2.5,16.1,61,0,0,16.0
320,2023-04-26,35.6,24.1,29.7,0.0,10.4,3,0,0,16.0
321,2023-04-27,36.5,24.4,30.1,0.2,14.5,51,0,0,29.0
322,2023-04-28,36.9,25.4,30.7,0.1,15.6,51,0,0,27.0
323,2023-04-29,34.4,24.7,28.9,0.0,12.6,3,0,0,22.0
324,2023-04-30,31.9,24.3,28.0,0.8,14.4,51,0,0,14.0
325,2023-05-01,30.4,23.0,25.9,3.5,11.6,61,0,0,14.0
326,2023-05-02,32.1,21.6,26.8,2.5,11.9,61,0,0,12.0
327,2023-05-03,33.4,22.9,27.2,6.1,12.5,63,0,0,7.0
328,2023-05-04,35.0,22.6,29.0,0.0,10.8,3,0,0,7.0
329,2023-05-05,36.4,24.2,30.5,0.0,17.0,3,0,0,9.0
330,2023-05-06,37.5,25.0,31.6,0.0,14.8,3,0,0,12.0
331,2023-05-07,39.3,25.0,32.5,0.0,12.1,2,0,0,12.0
332,2023-05-08,40.0,27.0,33.3,0.0,13.8,3,0,0,23.0
333,2023-05-09,40.0,27.9,33.6,0.0,18.1,3,0,0,20.0
334,2023-05-10,40.5,26.7,33.8,0.0,13.2,3,0,0,26.0
335,2023-05-11,42.3,26.2,33.5,0.0,14.8,3,0,0,37.0
336,2023-05-12,40.9,24.8,32.9,0.0,17.8,3,0,0,24.0
337,2023-05-13,40.9,25.5,32.9,0.0,13.8,3,0,0,25.0
338,2023-05-14,43.9,25.2,34.3,0.0,23.6,3,0,0,15.0
339,2023-05-15,42.6,24.9,35.0,0.0,18.1,3,0,0,15.0
340,2023-05-16,42.5,26.9,35.0,0.0,25.8,2,0,0,21.0
341,2023-05-17,41.9,28.6,35.4,0.0,15.5,1,0,0,30.0
342,2023-05-18,42.5,29.6,35.5,0.0,16.9,2,0,0,26.0
343,2023-05-19,41.5,28.6,35.1,0.0,20.0,2,0,0,38.0
344,2023-05-20,41.0,28.4,34.4,0.0,18.1,3,0,0,13.0
345,2023-05-21,40.3,27.8,34.2,0.7,18.4,53,0,0,18.0
346,2023-05-22,41.9,27.2,34.4,0.1,19.0,51,0,0,36.0
347,2023-05-23,41.9,28.1,35.1,0.0,23.1,3,0,0,17.0
348,2023-05-24,41.9,28.1,35.5,0.0,22.5,3,0,0,24.0
349,2023-05-25,41.4,28.7,34.9,0.3,21.1,51,0,0,22.0
350,2023-05-26,40.0,27.1,33.5,0.7,17.4,53,0,0,10.0
351,2023-05-27,39.2,26.3,33.2,0.0,29.8,3,0,0,27.0
352,2023-05-28,39.5,25.0,32.9,0.0,14.0,1,0,0,14.0
353,2023-05-29,39.6,26.8,33.6,0.0,15.2,3,0,0,38.0
354,2023-05-30,40.4,28.8,34.5,0.0,22.3,3,0,0,29.0
355,2023-05-31,40.4,28.6,34.0,0.1,17.3,51,0,0,15.0
356,2023-06-01,41.7,28.2,35.1,0.0,14.4,3,0,0,27.0
357,2023-06-02,41.5,27.6,35.3,0.0,14.3,2,0,0,28.0
358,2023-06-03,40.4,29.2,34.9,0.5,13.4,51,0,0,24.0
359,2023-06-04,40.7,28.0,32.9,0.0,15.8,3,0,0,27.0
360,2023-06-05,40.0,25.7,33.5,0.0,9.0,3,0,0,15.0
361,2023-06-06,41.2,28.1,34.7,0.0,16.5,3,0,0,21.0
362,2023-06-07,40.9,27.5,35.0,0.0,14.7,3,0,0,21.0
363,2023-06-08,42.2,28.0,35.7,0.0,16.5,3,0,0,28.0
364,2023-06-09,43.0,27.6,35.8,0.0,20.9,3,0,0,45.0
365,2023-06-10,42.2,28.7,35.3,0.0,18.2,3,0,0,40.0
366,2023-06-11,42.8,28.8,36.4,0.0,20.9,3,0,0,19.0
367,2023-06-12,42.6,29.6,36.7,0.0,16.8,3,0,0,44.0
368,2023-06-13,41.8,30.5,36.2,0.1,21.1,51,0,0,40.0
369,2023-06-14,40.2,30.9,34.9,0.1,21.8,51,0,0,50.0
370,2023-06-15,41.6,30.1,35.8,0.4,21.8,51,0,0,52.0
371,2023-06-16,42.8,31.1,37.1,0.0,16.7,3,0,0,8.0
372,2023-06-17,43.0,30.6,37.6,0.0,16.1,3,0,0,27.0
373,2023-06-18,42.8,31.3,37.7,0.0,12.1,3,0,0,39.0
374,2023-06-19,42.3,30.9,36.1,0.0,19.8,3,0,0,44.0
375,2023-06-20,42.2,28.6,34.4,0.1,19.7,51,0,0,40.0
376,2023-06-21,39.5,28.2,32.7,8.9,18.9,63,0,0,34.0
377,2023-06-22,36.5,26.2,30.2,29.9,11.7,65,0,0,24.0
378,2023-06-23,31.5,25.7,28.1,22.1,12.6,65,0,0,32.0
379,2023-06-24,29.8,25.9,27.4,19.5,12.4,65,0,0,67.0
380,2023-06-25,27.6,24.8,26.2,54.5,13.4,63,1,0,51.0
381,2023-06-26,28.4,24.2,26.2,70.5,17.9,65,1,0,46.0
382,2023-06-27,28.3,25.0,26.2,12.6,23.2,61,0,0,21.0
383,2023-06-28,30.1,23.8,26.1,69.9,19.5,65,1,0,16.0
384,2023-06-29,31.6,24.1,28.0,7.1,13.7,63,0,0,16.0
385,2023-06-30,32.2,26.4,29.2,0.3,15.0,51,0,0,20.0
386,2023-07-01,33.7,25.7,29.9,3.6,14.0,61,0,0,26.0
387,2023-07-02,34.6,27.1,30.5,0.3,9.5,51,0,0,20.0
388,2023-07-03,34.3,27.3,30.8,0.5,14.0,53,0,0,31.0
389,2023-07-04,33.5,27.2,30.3,8.5,13.0,63,0,0,23.0
390,2023-07-05,34.6,26.7,30.5,0.4,12.4,51,0,0,29.0
391,2023-07-06,30.7,25.8,27.4,22.2,13.4,63,0,0,32.0
392,2023-07-07,31.2,24.9,27.5,18.2,14.4,65,0,0,26.0
393,2023-07-08,31.7,25.3,27.7,12.6,12.1,63,0,0,12.0
394,2023-07-09,31.1,25.0,27.6,19.9,16.5,65,0,0,14.0
395,2023-07-10,32.5,25.5,29.0,10.3,13.5,65,0,0,12.0
396,2023-07-11,32.8,24.8,28.0,21.7,15.9,63,0,0,18.0
397,2023-07-12,33.1,24.7,28.5,10.0,12.9,63,0,0,27.0
398,2023-07-13,32.6,25.6,28.5,5.4,12.6,63,0,0,37.0
399,2023-07-14,30.7,26.2,28.1,10.4,11.6,63,0,0,33.0
400,2023-07-15,30.5,25.4,27.4,27.7,11.9,63,0,0,19.0
401,2023-07-16,30.8,24.0,26.8,24.7,14.3,65,0,0,21.0
402,2023-07-17,31.6,24.8,26.8,19.7,9.2,63,0,0,22.0
403,2023-07-18,32.5,25.5,28.1,5.3,12.6,61,0,0,21.0
404,2023-07-19,31.5,25.5,28.0,5.6,11.3,61,0,0,41.0
405,2023-07-20,32.0,25.6,28.2,18.4,10.0,65,0,0,18.0
406,2023-07-21,32.3,25.6,28.1,7.3,17.0,63,0,0,19.0
407,2023-07-22,32.3,25.7,28.3,4.3,14.7,61,0,0,39.0
408,2023-07-23,32.5,24.9,28.0,10.8,13.5,63,0,0,16.0
409,2023-07-24,33.2,25.1,28.6,2.1,12.0,53,0,0,18.0
410,2023-07-25,33.3,24.7,28.8,1.3,12.7,53,0,0,30.0
411,2023-07-26,32.2,26.1,28.8,10.4,17.1,63,0,0,17.0
412,2023-07-27,33.0,26.3,29.1,4.0,15.9,53,0,0,11.0
413,2023-07-28,31.7,25.5,28.1,4.6,9.4,61,0,0,26.0
414,2023-07-29,32.0,24.6,27.6,43.3,13.2,65,0,0,50.0
415,2023-07-30,30.9,25.2,27.6,22.7,13.0,63,0,0,77.0
416,2023-07-31,33.2,25.4,28.4,20.6,11.8,63,0,0,19.0
417,2023-08-01,29.2,25.6,26.9,59.6,14.8,65,1,0,38.0
418,2023-08-02,26.8,25.2,25.9,74.9,27.4,65,1,0,77.0
419,2023-08-03,29.3,25.0,26.9,12.9,33.2,63,0,0,69.0
420,2023-08-04,29.2,24.8,26.5,6.2,18.7,63,0,0,31.0
421,2023-08-05,31.6,25.2,27.6,8.3,20.5,61,0,0,23.0
422,2023-08-06,30.0,25.4,27.6,6.4,19.3,63,0,0,24.0
423,2023-08-07,30.9,25.8,27.6,7.7,17.3,63,0,0,27.0
424,2023-08-08,32.5,25.3,28.1,1.1,17.1,53,0,0,23.0
425,2023-08-09,31.8,25.4,28.2,1.1,15.6,51,0,0,17.0
426,2023-08-10,32.3,25.3,28.4,0.7,14.7,51,0,0,14.0
427,2023-08-11,32.2,25.3,28.0,2.9,12.7,61,0,0,35.0
428,2023-08-12,31.7,25.1,27.5,5.2,12.8,63,0,0,32.0
429,2023-08-13,31.8,25.8,27.9,4.3,8.0,61,0,0,19.0
430,2023-08-14,30.9,25.4,27.4,5.3,9.0,61,0,0,31.0
431,2023-08-15,31.6,25.1,27.4,14.6,12.6,65,0,0,31.0
432,2023-08-16,31.7,24.0,27.4,13.5,11.1,63,0,0,16.0
433,2023-08-17,30.1,25.1,26.8,25.6,9.8,63,0,0,17.0
434,2023-08-18,30.5,24.8,26.7,18.8,10.8,63,0,0,28.0
435,2023-08-19,32.3,24.7,27.8,1.2,12.6,53,0,0,39.0
436,2023-08-20,32.6,25.1,28.2,6.3,10.7,63,0,0,9.0
437,2023-08-21,32.1,25.1,28.1,3.4,8.0,61,0,0,23.0
438,2023-08-22,32.8,25.5,28.6,7.5,9.6,63,0,0,21.0
439,2023-08-23,30.9,25.0,27.5,14.2,13.4,63,0,0,34.0
440,2023-08-24,29.0,24.7,26.3,32.8,13.0,63,0,0,23.0
441,2023-08-25,31.1,24.9,27.4,7.1,15.3,61,0,0,13.0
442,2023-08-26,32.2,25.3,28.4,0.6,13.8,51,0,0,29.0
443,2023-08-27,32.4,25.3,28.7,0.3,13.4,51,0,0,10.0
444,2023-08-28,32.1,24.9,28.3,0.2,13.1,51,0,0,21.0
445,2023-08-29,32.6,24.4,28.6,0.0,10.9,3,0,0,21.0
446,2023-08-30,33.2,24.5,28.4,0.2,7.5,51,0,0,15.0
447,2023-08-31,32.2,24.5,28.8,9.4,6.5,63,0,0,14.0
448,2023-09-01,33.3,25.4,29.1,1.1,9.6,51,0,0,16.0
449,2023-09-02,33.2,26.0,28.7,4.4,10.1,61,0,0,24.0
450,2023-09-03,30.0,25.1,26.6,38.3,12.5,65,0,0,30.0
451,2023-09-04,30.8,25.0,26.5,23.9,7.4,63,0,0,37.0
452,2023-09-05,30.7,24.6,26.7,21.8,12.9,65,0,0,18.0
453,2023-09-06,30.8,24.4,27.0,26.8,15.0,65,0,0,38.0
454,2023-09-07,30.7,24.8,26.9,9.2,8.7,63,0,0,9.0
455,2023-09-08,29.5,24.7,26.8,20.4,14.0,63,0,0,7.0
456,2023-09-09,32.0,25.0,28.4,0.7,11.4,51,0,0,26.0
457,2023-09-10,32.4,24.8,28.5,3.2,9.7,61,0,0,10.0
458,2023-09-11,31.3,24.9,27.7,18.1,14.5,65,0,0,17.0
459,2023-09-12,30.5,25.3,27.0,8.1,10.0,63,0,0,38.0
460,2023-09-13,29.9,24.5,26.5,15.0,11.6,63,0,0,38.0
461,2023-09-14,30.4,24.7,26.3,57.1,14.0,65,1,0,39.0
462,2023-09-15,31.2,24.9,27.5,2.3,14.4,53,0,0,25.0
463,2023-09-16,31.8,24.6,27.9,8.1,8.2,63,0,0,18.0
464,2023-09-17,30.6,25.1,27.4,4.6,11.4,61,0,0,11.0
465,2023-09-18,31.0,24.5,27.3,5.5,9.2,63,0,0,14.0
466,2023-09-19,31.2,24.1,27.1,15.4,11.2,63,0,0,27.0
467,2023-09-20,29.9,24.3,26.0,41.9,10.7,65,0,0,60.0
468,2023-09-21,27.2,23.8,25.1,32.6,15.0,63,0,0,37.0
469,2023-09-22,29.1,24.0,25.8,31.6,12.2,63,0,0,19.0
470,2023-09-23,28.8,23.9,26.1,19.4,15.0,65,0,0,11.0
471,2023-09-24,29.7,24.2,26.3,8.0,9.3,63,0,0,10.0
472,2023-09-25,29.9,23.8,26.3,20.5,6.9,65,0,0,21.0
473,2023-09-26,30.7,24.2,26.5,7.0,12.9,63,0,0,26.0
474,2023-09-27,30.8,24.0,26.8,16.0,7.7,63,0,0,22.0
475,2023-09-28,32.1,24.7,27.9,3.0,9.1,61,0,0,28.0
476,2023-09-29,32.1,24.0,27.9,13.0,11.2,65,0,0,47.0
477,2023-09-30,31.0,23.4,26.8,4.6,10.2,63,0,0,29.0
478,2023-10-01,28.8,24.7,26.2,24.5,13.1,63,0,0,19.0
479,2023-10-02,28.5,24.1,25.7,27.0,13.0,63,0,0,50.0
480,2023-10-03,28.8,24.0,25.7,26.9,10.7,63,0,0,25.0
481,2023-10-04,30.8,24.7,26.6,10.7,14.0,63,0,0,21.0
482,2023-10-05,32.0,24.7,28.1,0.2,12.8,51,0,0,18.0
483,2023-10-06,32.2,24.7,28.3,1.4,9.6,51,0,0,35.0
484,2023-10-07,31.8,24.2,27.8,1.4,9.0,53,0,0,16.0
485,2023-10-08,32.9,23.9,27.9,0.1,11.0,51,0,0,14.0
486,2023-10-09,33.2,22.6,27.8,0.0,8.6,3,0,0,16.0
487,2023-10-10,32.9,23.2,28.0,0.0,10.4,3,0,0,16.0
488,2023-10-11,33.1,23.6,28.1,0.0,8.3,3,0,0,7.0
489,2023-10-12,33.1,22.0,27.3,0.0,9.4,1,0,0,21.0
490,2023-10-13,32.8,23.3,27.7,0.0,11.7,2,0,0,30.0
491,2023-10-14,32.3,23.1,27.2,0.0,10.3,3,0,0,16.0
492,2023-10-15,32.6,21.1,26.6,0.0,9.3,1,0,0,6.0
493,2023-10-16,32.3,20.9,26.3,0.0,10.0,1,0,0,9.0
494,2023-10-17,32.4,21.0,26.8,0.0,10.7,2,0,0,23.0
495,2023-10-18,31.6,22.3,26.5,0.0,6.8,1,0,0,31.0
496,2023-10-19,31.8,22.2,26.6,0.0,7.3,3,0,0,7.0
497,2023-10-20,31.0,22.2,26.1,0.1,8.4,51,0,0,16.0
498,2023-10-21,31.1,20.9,25.0,0.0,10.2,0,0,0,7.0
499,2023-10-22,30.7,19.3,23.9,0.0,9.5,3,0,0,5.0
500,2023-10-23,30.9,19.8,24.8,0.0,10.0,3,0,0,5.0
501,2023-10-24,30.6,21.6,25.9,0.0,9.7,3,0,0,4.0
502,2023-10-25,30.5,20.8,25.7,0.0,10.0,3,0,0,2.0
503,2023-10-26,30.2,19.3,24.4,0.0,10.8,0,0,0,15.0
504,2023-10-27,30.2,17.7,23.9,0.0,10.3,1,0,0,7.0
505,2023-10-28,30.5,16.8,23.5,0.0,9.4,0,0,0,14.0
506,2023-10-29,30.9,17.5,23.8,0.0,8.2,3,0,0,6.0
507,2023-10-30,31.0,18.8,24.3,0.0,10.9,1,0,0,5.0
508,2023-10-31,31.1,19.8,24.6,0.0,10.4,1,0,0,14.0
509,2023-11-01,32.6,19.3,25.4,0.0,9.2,3,0,0,8.0
510,2023-11-02,31.4,21.1,25.8,5.9,8.6,63,0,0,9.0
511,2023-11-03,30.3,21.5,25.0,10.1,12.8,65,0,0,14.0
512,2023-11-04,28.3,21.1,24.0,3.8,11.8,63,0,0,13.0
513,2023-11-05,31.0,20.8,25.2,0.3,8.5,51,0,0,18.0
514,2023-11-06,31.5,19.5,24.6,0.0,10.8,3,0,0,13.0
515,2023-11-07,30.7,16.4,23.5,0.0,10.5,3,0,0,29.0
516,2023-11-08,30.1,15.9,22.8,0.0,9.9,2,0,0,19.0
517,2023-11-09,30.9,16.2,23.2,0.0,7.8,1,0,0,19.0
518,2023-11-10,31.2,17.7,24.3,0.0,9.2,3,0,0,18.0
519,2023-11-11,31.4,17.8,24.2,0.0,7.4,3,0,0,16.0
520,2023-11-12,31.5,18.9,24.6,0.0,8.4,3,0,0,4.0
521,2023-11-13,30.4,19.1,24.6,0.0,10.5,3,0,0,3.0
522,2023-11-14,30.1,19.4,24.0,0.0,8.0,3,0,0,12.0
523,2023-11-15,29.9,17.9,23.3,0.0,11.0,3,0,0,11.0
524,2023-11-16,29.6,18.9,23.9,0.0,12.1,3,0,0,10.0
525,2023-11-17,30.6,21.0,25.0,0.0,11.9,3,0,0,14.0
526,2023-11-18,30.6,20.6,25.1,0.1,11.6,51,0,0,8.0
527,2023-11-19,30.9,20.5,25.3,0.1,10.7,51,0,0,13.0
528,2023-11-20,30.3,19.7,24.2,0.0,9.3,3,0,0,14.0
529,2023-11-21,29.9,19.0,23.7,0.0,8.1,3,0,0,6.0
530,2023-11-22,29.9,18.3,23.1,0.0,8.2,0,0,0,4.0
531,2023-11-23,29.7,16.4,22.5,0.0,11.2,0,0,0,9.0
532,2023-11-24,29.5,17.9,23.1,0.0,9.3,1,0,0,12.0
533,2023-11-25,29.2,17.7,22.9,0.0,9.3,2,0,0,10.0
534,2023-11-26,28.7,17.2,22.3,0.0,9.1,1,0,0,3.0
535,2023-11-27,28.6,17.5,22.4,0.0,10.2,3,0,0,3.0
536,2023-11-28,29.5,17.4,22.8,0.0,8.0,3,0,0,3.0
537,2023-11-29,29.5,18.2,23.4,0.0,6.2,3,0,0,5.0
538,2023-11-30,30.8,18.9,24.8,0.0,14.1,3,0,0,6.0
539,2023-12-01,31.5,19.6,25.0,0.0,8.0,3,0,0,10.0
540,2023-12-02,31.9,19.7,25.1,0.0,11.2,3,0,0,11.0
541,2023-12-03,31.9,19.7,25.0,0.0,8.0,3,0,0,18.0
542,2023-12-04,29.2,20.3,24.7,0.0,9.8,3,0,0,13.0
543,2023-12-05,23.4,20.2,21.7,1.6,14.0,53,0,0,10.0
544,2023-12-06,21.0,19.5,20.2,31.4,13.1,63,0,0,31.0
545,2023-12-07,22.1,19.4,20.4,29.4,11.5,63,0,0,20.0
546,2023-12-08,24.1,17.7,21.2,0.5,11.2,51,0,0,15.0
547,2023-12-09,25.3,17.9,21.2,0.4,8.6,51,0,0,7.0
548,2023-12-10,25.4,15.7,20.1,0.0,8.7,1,0,0,6.0
549,2023-12-11,25.3,13.9,18.6,0.0,8.9,0,0,0,12.0
550,2023-12-12,24.7,13.0,18.2,0.0,8.1,3,0,0,14.0
551,2023-12-13,25.1,13.5,18.9,0.0,8.3,3,0,0,10.0
552,2023-12-14,25.5,13.2,18.4,0.0,10.2,3,0,0,8.0
553,2023-12-15,25.0,12.4,17.6,0.0,9.7,0,0,0,6.0
554,2023-12-16,24.9,11.4,17.5,0.0,9.1,2,0,0,11.0
555,2023-12-17,24.6,11.7,17.1,0.0,10.2,1,0,0,2.0
556,2023-12-18,24.3,12.5,17.5,0.0,8.8,3,0,0,14.0
557,2023-12-19,23.5,12.2,16.9,0.0,9.4,3,0,0,11.0
558,2023-12-20,23.6,11.9,17.1,0.0,9.6,3,0,0,7.0
559,2023-12-21,23.6,10.9,16.6,0.0,8.7,3,0,0,6.0
560,2023-12-22,24.7,11.4,17.0,0.0,9.1,3,0,0,4.0
561,2023-12-23,25.5,12.1,17.8,0.0,9.4,3,0,0,9.0
562,2023-12-24,25.7,13.1,18.5,0.0,8.6,3,0,0,9.0
563,2023-12-25,26.2,13.8,19.1,0.0,9.4,0,0,0,6.0
564,2023-12-26,26.1,13.1,18.7,0.0,8.7,0,0,0,4.0
565,2023-12-27,26.1,13.2,19.1,0.0,8.4,0,0,0,15.0
566,2023-12-28,26.7,13.1,19.3,0.0,9.4,3,0,0,5.0
567,2023-12-29,26.9,14.6,20.0,0.0,9.4,3,0,0,1.0
568,2023-12-30,26.4,14.0,19.6,0.0,9.1,3,0,0,4.0
569,2023-12-31,26.4,14.1,19.9,0.0,9.4,2,0,0,1.0
570,2024-01-01,26.2,14.3,19.7,0.0,8.3,0,0,0,5.0
571,2024-01-02,26.9,13.4,19.3,0.0,9.0,0,0,0,6.0
572,2024-01-03,27.1,14.0,20.0,0.0,9.8,0,0,0,8.0
573,2024-01-04,27.2,13.8,19.9,0.0,10.9,0,0,0,10.0
574,2024-01-05,28.3,14.4,20.8,0.0,13.4,2,0,0,10.0
575,2024-01-06,28.0,15.1,20.5,0.0,9.8,3,0,0,10.0
576,2024-01-07,28.0,15.1,20.8,0.0,11.3,0,0,0,5.0
577,2024-01-08,27.8,15.3,20.7,0.0,8.7,0,0,0,10.0
578,2024-01-09,27.9,15.0,20.9,0.0,8.4,1,0,0,2.0
579,2024-01-10,28.3,16.0,22.2,0.0,9.8,3,0,0,13.0
580,2024-01-11,28.5,17.6,22.6,0.0,11.3,0,0,0,9.0
581,2024-01-12,27.5,16.5,21.4,0.0,11.3,2,0,0,8.0
582,2024-01-13,26.5,13.6,19.2,0.0,9.4,0,0,0,6.0
583,2024-01-14,26.5,11.5,18.9,0.0,11.3,0,0,0,4.0
584,2024-01-15,26.9,14.2,19.7,0.0,9.8,1,0,0,5.0
585,2024-01-16,27.6,13.9,19.9,0.0,8.2,2,0,0,7.0
586,2024-01-17,29.1,18.6,23.2,0.0,12.6,3,0,0,4.0
587,2024-01-18,26.9,18.3,21.7,0.9,13.8,51,0,0,13.0
588,2024-01-19,24.4,17.1,20.3,1.0,8.9,53,0,0,27.0
589,2024-01-20,26.4,16.8,21.1,1.5,9.1,61,0,0,13.0
590,2024-01-21,25.0,16.9,20.6,0.1,7.9,51,0,0,9.0
591,2024-01-22,26.5,16.8,20.9,0.2,8.9,51,0,0,15.0
592,2024-01-23,22.7,16.7,19.7,1.6,9.5,51,0,0,14.0
593,2024-01-24,23.1,15.6,19.0,2.3,9.2,53,0,0,7.0
594,2024-01-25,24.7,12.9,18.5,0.4,9.7,51,0,0,5.0
595,2024-01-26,25.0,10.2,17.1,0.0,10.5,3,0,0,7.0
596,2024-01-27,25.0,10.7,17.2,0.0,9.4,3,0,0,3.0
597,2024-01-28,26.6,10.8,18.3,0.0,9.9,3,0,0,18.0
598,2024-01-29,27.9,12.4,19.5,0.0,9.7,3,0,0,15.0
599,2024-01-30,28.9,13.7,20.8,0.0,9.7,3,0,0,6.0
600,2024-01-31,28.9,15.8,21.8,0.0,12.6,3,0,0,12.0
601,2024-02-01,29.5,16.8,23.0,0.0,12.6,2,0,0,22.0
602,2024-02-02,27.1,18.2,22.1,0.0,9.4,3,0,0,1.0
603,2024-02-03,28.4,15.4,21.7,0.0,10.6,0,0,0,6.0
604,2024-02-04,29.1,13.1,20.7,0.0,8.9,0,0,0,10.0
605,2024-02-05,30.9,15.8,22.9,0.0,8.9,0,0,0,12.0
606,2024-02-06,32.7,18.7,25.1,0.0,17.9,1,0,0,5.0
607,2024-02-07,29.8,19.6,24.2,0.0,11.8,0,0,0,4.0
608,2024-02-08,27.7,17.8,22.2,0.0,13.8,3,0,0,10.0
609,2024-02-09,27.9,14.6,20.3,0.0,9.2,3,0,0,12.0
610,2024-02-10,28.9,14.8,21.4,0.0,9.7,0,0,0,11.0
611,2024-02-11,31.1,16.1,23.7,0.0,13.0,3,0,0,22.0
612,2024-02-12,30.6,18.5,24.3,0.0,11.1,3,0,0,19.0
613,2024-02-13,32.5,18.4,25.2,0.0,15.8,3,0,0,8.0
614,2024-02-14,32.0,18.6,24.8,0.0,14.6,3,0,0,6.0
615,2024-02-15,30.3,17.6,23.4,0.0,14.5,3,0,0,19.0
616,2024-02-16,32.1,17.0,23.9,0.0,11.1,1,0,0,2.0
617,2024-02-17,31.0,17.5,24.3,0.0,14.5,1,0,0,9.0
618,2024-02-18,32.4,17.8,24.9,0.0,11.0,1,0,0,12.0
619,2024-02-19,34.2,18.3,26.0,0.0,12.8,3,0,0,15.0
620,2024-02-20,34.6,20.2,26.3,0.0,15.3,3,0,0,16.0
621,2024-02-21,34.1,18.0,25.5,0.0,17.7,3,0,0,27.0
622,2024-02-22,33.2,19.7,26.2,0.0,18.8,3,0,0,3.0
623,2024-02-23,30.5,20.2,24.6,0.0,13.1,2,0,0,9.0
624,2024-02-24,30.1,19.4,24.4,0.4,16.0,51,0,0,12.0
625,2024-02-25,27.7,19.9,23.3,6.8,16.3,63,0,0,27.0
626,2024-02-26,31.5,19.9,25.1,0.3,9.9,51,0,0,21.0
627,2024-02-27,32.8,20.0,25.4,6.9,28.7,63,0,0,17.0
628,2024-02-28,30.1,18.8,24.0,0.0,9.8,3,0,0,11.0
629,2024-02-29,31.5,17.9,24.1,0.0,12.9,0,0,0,11.0
630,2024-03-01,33.3,16.1,24.6,0.0,10.2,0,0,0,11.0
631,2024-03-02,33.6,18.9,26.0,0.0,9.8,3,0,0,12.0
632,2024-03-03,33.8,20.1,26.8,0.0,16.3,3,0,0,11.0
633,2024-03-04,32.2,21.0,26.2,0.0,12.0,3,0,0,11.0
634,2024-03-05,33.4,20.9,26.5,0.0,14.6,3,0,0,10.0
635,2024-03-06,35.2,19.9,27.4,0.0,13.7,2,0,0,19.0
636,2024-03-07,32.8,21.9,26.6,3.6,16.1,63,0,0,4.0
637,2024-03-08,33.1,21.8,26.6,0.0,12.7,0,0,0,6.0
638,2024-03-09,33.6,19.0,26.3,0.0,14.9,0,0,0,14.0
639,2024-03-10,33.6,19.3,26.5,0.0,12.9,0,0,0,9.0
640,2024-03-11,36.0,21.3,28.7,0.0,9.9,1,0,0,20.0
641,2024-03-12,36.7,23.2,29.5,0.0,14.3,1,0,0,17.0
642,2024-03-13,38.2,21.9,29.6,0.0,15.8,3,0,0,13.0
643,2024-03-14,36.4,22.3,28.7,0.0,13.5,0,0,0,24.0
644,2024-03-15,37.0,19.9,28.5,0.0,13.7,3,0,0,14.0
645,2024-03-16,36.5,22.5,28.6,1.0,12.0,55,0,0,29.0
646,2024-03-17,34.2,22.9,28.0,0.7,13.4,53,0,0,19.0
647,2024-03-18,31.3,22.0,25.8,3.0,15.5,61,0,0,32.0
648,2024-03-19,30.5,20.6,24.1,22.5,17.4,63,0,0,44.0
649,2024-03-20,28.2,17.4,22.2,8.4,15.1,63,0,0,15.0
650,2024-03-21,30.3,16.7,22.8,0.0,14.0,3,0,0,23.0
651,2024-03-22,31.4,18.8,24.9,0.0,10.0,3,0,0,30.0
652,2024-03-23,35.0,19.0,26.0,0.0,11.2,1,0,0,19.0
653,2024-03-24,35.4,19.2,27.1,0.0,16.6,3,0,0,38.0
654,2024-03-25,33.9,19.6,26.5,0.0,18.9,3,0,0,29.0
655,2024-03-26,34.0,19.5,26.8,0.0,10.6,2,0,0,13.0
656,2024-03-27,35.8,20.6,28.3,0.0,9.7,1,0,0,25.0
657,2024-03-28,37.9,22.3,29.4,0.0,11.4,3,0,0,20.0
658,2024-03-29,38.6,22.0,29.8,0.0,15.1,2,0,0,15.0
659,2024-03-30,36.8,22.9,29.8,0.6,21.9,53,0,0,29.0
660,2024-03-31,35.8,21.1,29.0,0.0,15.7,3,0,0,33.0
661,2024-04-01,38.7,23.8,30.6,0.0,11.8,3,0,0,24.0
662,2024-04-02,37.7,21.7,30.2,0.0,11.8,0,0,0,35.0
663,2024-04-03,38.4,22.1,30.3,0.0,11.3,3,0,0,33.0
664,2024-04-04,40.4,23.7,32.0,0.0,13.5,3,0,0,38.0
665,2024-04-05,39.8,23.5,31.5,0.0,13.3,3,0,0,28.0
666,2024-04-06,39.8,24.6,31.7,0.0,11.3,1,0,0,27.0
667,2024-04-07,39.3,24.5,31.0,0.0,19.3,2,0,0,33.0
668,2024-04-08,27.6,20.7,23.7,10.9,13.6,63,0,0,23.0
669,2024-04-09,32.4,20.6,26.1,2.7,10.9,55,0,0,22.0
670,2024-04-10,35.0,21.5,27.8,0.0,11.6,3,0,0,47.0
671,2024-04-11,27.0,20.9,23.7,14.8,18.0,65,0,0,37.0
672,2024-04-12,28.3,19.4,24.5,1.4,14.7,61,0,0,22.0
673,2024-04-13,34.1,19.5,26.6,0.0,19.4,2,0,0,15.0
674,2024-04-14,35.3,23.4,28.8,0.0,9.5,3,0,0,27.0
675,2024-04-15,37.6,22.7,30.8,0.0,11.5,3,0,0,22.0
676,2024-04-16,38.1,26.1,31.5,0.0,10.9,0,0,0,40.0
677,2024-04-17,39.2,23.4,31.4,0.0,16.9,0,0,0,28.0
678,2024-04-18,40.1,23.1,31.6,0.0,13.9,1,0,0,26.0
679,2024-04-19,40.6,24.2,31.9,0.0,10.8,3,0,0,32.0
680,2024-04-20,41.0,22.9,33.4,0.0,14.4,1,0,0,45.0
681,2024-04-21,40.8,26.9,34.1,0.0,17.3,3,0,0,28.0
682,2024-04-22,35.7,25.7,29.9,0.7,28.5,51,0,0,24.0
683,2024-04-23,37.3,24.4,30.6,0.0,16.3,3,0,0,23.0
684,2024-04-24,39.6,23.7,31.6,0.0,12.9,3,0,0,24.0
685,2024-04-25,39.9,24.2,32.4,0.0,11.6,1,0,0,27.0
686,2024-04-26,40.6,24.3,33.3,0.0,10.4,1,0,0,48.0
687,2024-04-27,41.2,25.5,33.8,0.0,12.5,3,0,0,24.0
688,2024-04-28,40.3,26.2,33.0,0.0,17.1,2,0,0,27.0
689,2024-04-29,40.8,26.2,33.8,0.0,14.4,2,0,0,21.0
690,2024-04-30,41.9,27.6,34.7,0.0,17.9,1,0,0,51.0
691,2024-05-01,42.1,29.4,35.4,0.0,20.9,1,0,0,27.0
692,2024-05-02,41.1,25.0,33.3,0.0,12.3,0,0,0,19.0
693,2024-05-03,40.6,22.3,31.7,0.0,16.1,0,0,0,14.0
694,2024-05-04,40.6,22.8,31.8,0.0,12.0,3,0,0,8.0
695,2024-05-05,42.5,25.0,33.7,0.0,14.0,3,0,0,24.0
696,2024-05-06,39.7,28.4,34.0,0.0,20.0,3,0,0,31.0
697,2024-05-07,38.2,27.2,32.3,0.0,17.6,3,0,0,33.0
698,2024-05-08,37.6,26.6,31.5,0.0,16.4,3,0,0,36.0
699,2024-05-09,38.5,25.4,31.5,0.4,21.9,51,0,0,48.0
700,2024-05-10,39.6,25.9,32.0,0.0,17.8,3,0,0,24.0
701,2024-05-11,40.4,27.0,33.5,0.2,19.6,51,0,0,35.0
702,2024-05-12,39.1,26.3,32.7,0.0,14.8,3,0,0,37.0
703,2024-05-13,37.3,27.3,31.0,0.0,16.9,3,0,0,30.0
704,2024-05-14,39.6,26.9,32.7,0.0,18.4,3,0,0,28.0
705,2024-05-15,38.6,27.1,32.2,0.0,9.7,3,0,0,18.0
706,2024-05-16,38.3,27.6,33.1,0.0,14.0,3,0,0,35.0
707,2024-05-17,35.9,27.6,31.6,0.3,16.5,51,0,0,25.0
708,2024-05-18,33.1,26.6,29.8,1.7,16.3,53,0,0,14.0
709,2024-05-19,37.0,26.1,31.8,0.1,12.9,51,0,0,19.0
710,2024-05-20,40.0,26.8,33.6,0.0,20.1,1,0,0,66.0
711,2024-05-21,40.0,27.7,33.4,0.0,21.3,3,0,0,47.0
712,2024-05-22,40.5,28.5,33.5,0.0,20.0,3,0,0,36.0
713,2024-05-23,40.1,27.0,33.6,0.1,17.5,51,0,0,41.0
714,2024-05-24,39.6,27.6,33.4,0.0,18.9,3,0,0,24.0
715,2024-05-25,40.3,27.7,34.0,0.0,13.7,3,0,0,51.0
716,2024-05-26,39.5,29.2,34.2,1.9,12.6,61,0,0,53.0
717,2024-05-27,41.3,28.7,35.2,0.0,12.8,3,0,0,69.0
718,2024-05-28,45.1,30.2,37.2,0.0,16.6,3,0,0,101.0
719,2024-05-29,45.2,32.7,38.2,0.0,26.1,3,0,0,145.0
720,2024-05-30,45.0,32.0,38.3,0.0,18.1,3,0,0,78.0
721,2024-05-31,44.0,31.5,36.8,0.0,18.6,3,0,0,149.0
722,2024-06-01,44.1,30.2,36.2,0.0,18.6,3,0,0,181.0
723,2024-06-02,40.7,30.0,33.4,0.9,15.3,53,0,0,94.0
724,2024-06-03,39.5,27.2,33.0,0.0,14.7,3,0,0,62.0
725,2024-06-04,37.4,28.3,33.0,0.4,14.9,51,0,0,34.0
726,2024-06-05,39.2,28.8,33.2,0.0,11.1,3,0,0,26.0
727,2024-06-06,40.6,28.6,32.1,9.1,21.8,65,0,0,39.0
728,2024-06-07,40.1,26.6,33.3,0.1,16.2,51,0,0,43.0
729,2024-06-08,39.7,28.0,33.3,1.7,14.1,55,0,0,56.0
730,2024-06-09,39.5,27.9,33.6,0.0,13.0,3,0,0,45.0
731,2024-06-10,40.3,29.7,34.6,0.4,13.7,51,0,0,63.0
732,2024-06-11,40.8,29.8,34.6,0.2,11.8,51,0,0,48.0
733,2024-06-12,40.8,31.0,35.1,0.0,13.5,3,0,0,46.0
734,2024-06-13,40.9,29.9,34.4,1.4,19.7,55,0,0,87.0
735,2024-06-14,40.0,31.7,35.1,0.0,17.7,3,0,0,57.0
736,2024-06-15,40.3,27.7,33.9,2.2,25.8,61,0,0,97.0
737,2024-06-16,36.7,27.5,31.4,0.0,12.0,3,0,0,28.0
738,2024-06-17,36.7,28.5,32.6,0.9,21.5,53,0,0,57.0
739,2024-06-18,38.3,28.8,32.8,0.7,16.3,53,0,0,32.0
740,2024-06-19,37.0,26.5,31.9,7.7,12.2,63,0,0,59.0
741,2024-06-20,34.3,26.4,29.9,11.0,15.6,63,0,0,43.0
742,2024-06-21,31.7,25.8,28.1,19.6,11.5,63,0,0,39.0
743,2024-06-22,33.3,24.9,28.3,10.5,9.1,63,0,0,39.0
744,2024-06-23,33.4,25.4,29.5,1.3,12.7,51,0,0,35.0
745,2024-06-24,34.6,25.4,30.2,22.4,11.5,65,0,0,41.0
746,2024-06-25,34.1,26.6,30.4,4.8,10.2,63,0,0,74.0
747,2024-06-26,33.6,27.0,29.8,5.2,11.6,61,0,0,51.0
748,2024-06-27,34.5,26.0,29.3,2.9,13.1,61,0,0,48.0
749,2024-06-28,33.6,25.5,29.0,11.9,11.5,63,0,0,71.0
750,2024-06-29,31.7,25.9,27.7,37.0,19.3,63,0,0,31.0
751,2024-06-30,29.2,25.1,26.9,26.9,16.8,63,0,0,20.0
752,2024-07-01,28.7,25.0,26.4,28.0,16.5,63,0,0,14.0
753,2024-07-02,31.5,25.1,27.5,14.0,21.8,63,0,0,36.0
754,2024-07-03,26.5,25.3,25.9,51.7,15.6,63,1,0,44.0
755,2024-07-04,31.5,24.7,27.0,26.5,16.9,63,0,0,28.0
756,2024-07-05,30.7,25.8,27.6,3.2,15.1,61,0,0,39.0
757,2024-07-06,31.7,25.8,28.2,2.3,13.4,55,0,0,33.0
758,2024-07-07,32.7,25.2,28.5,11.1,9.2,63,0,0,46.0
759,2024-07-08,31.6,25.1,28.1,1.9,15.6,53,0,0,27.0
760,2024-07-09,32.9,25.1,28.5,2.1,13.4,55,0,0,19.0
761,2024-07-10,32.2,25.8,28.9,0.6,12.7,51,0,0,25.0
762,2024-07-11,31.3,25.9,28.1,16.2,16.3,63,0,0,29.0
763,2024-07-12,29.7,25.6,27.3,3.0,13.0,55,0,0,46.0
764,2024-07-13,30.1,24.6,27.3,24.1,13.1,63,0,0,31.0
765,2024-07-14,32.0,25.3,28.0,14.3,7.8,65,0,0,28.0
766,2024-07-15,32.7,25.6,28.1,11.9,17.9,63,0,0,37.0
767,2024-07-16,33.1,26.0,29.1,1.6,14.2,51,0,0,35.0
768,2024-07-17,34.1,25.8,29.6,1.2,9.7,51,0,0,29.0
769,2024-07-18,33.6,26.1,29.1,10.3,12.0,65,0,0,38.0
770,2024-07-19,32.9,26.3,28.8,22.7,19.1,65,0,0,49.0
771,2024-07-20,32.4,26.1,28.6,9.1,18.0,63,0,0,39.0
772,2024-07-21,31.2,25.5,27.9,1.6,13.7,51,0,0,28.0
773,2024-07-22,29.8,25.7,27.2,4.0,15.3,55,0,0,34.0
774,2024-07-23,29.2,25.1,26.5,18.3,20.0,63,0,0,46.0
775,2024-07-24,29.7,25.1,26.6,25.3,20.0,65,0,0,34.0
776,2024-07-25,30.8,24.8,27.0,14.8,21.1,65,0,0,39.0
777,2024-07-26,30.9,25.1,27.3,22.8,15.9,65,0,0,26.0
778,2024-07-27,30.7,25.4,27.2,47.6,15.7,65,0,0,29.0
779,2024-07-28,30.4,25.1,27.1,5.0,12.2,61,0,0,33.0
780,2024-07-29,31.3,25.1,28.0,3.0,11.1,61,0,0,38.0
781,2024-07-30,31.2,25.6,27.6,15.6,13.5,63,0,0,48.0
782,2024-07-31,30.2,25.0,27.0,28.0,14.3,63,0,0,21.0
783,2024-08-01,27.6,25.4,26.1,27.5,17.2,63,0,0,28.0
784,2024-08-02,26.1,24.7,25.4,34.4,21.0,63,0,0,19.0
785,2024-08-03,28.0,24.8,25.9,15.9,22.5,61,0,0,34.0
786,2024-08-04,31.3,24.8,27.5,1.3,18.4,51,0,0,27.0
787,2024-08-05,28.7,25.1,26.8,7.8,11.9,55,0,0,55.0
788,2024-08-06,28.9,24.6,26.3,60.6,11.5,65,1,0,58.0
789,2024-08-07,27.8,24.8,25.8,21.3,12.6,63,0,0,20.0
790,2024-08-08,28.7,24.3,25.7,28.1,15.4,65,0,0,9.0
791,2024-08-09,28.0,24.7,26.1,19.5,13.2,63,0,0,36.0
792,2024-08-10,30.2,24.6,26.8,19.5,11.5,63,0,0,23.0
793,2024-08-11,31.5,25.0,27.8,0.5,14.6,51,0,0,31.0
794,2024-08-12,31.8,24.3,27.8,5.4,11.6,63,0,0,42.0
795,2024-08-13,30.9,25.1,27.8,40.5,10.8,65,0,0,18.0
796,2024-08-14,31.0,25.2,27.3,21.4,11.4,63,0,0,29.0
797,2024-08-15,27.6,25.1,26.1,68.9,10.5,65,1,0,19.0
798,2024-08-16,29.0,25.1,26.2,47.4,13.9,65,0,0,26.0
799,2024-08-17,31.1,25.0,26.8,17.2,9.4,65,0,0,28.0
800,2024-08-18,30.3,24.0,26.6,13.9,13.4,65,0,0,21.0
801,2024-08-19,30.9,24.1,27.0,38.4,7.9,65,0,0,36.0
802,2024-08-20,29.9,24.7,26.3,40.5,12.8,65,0,0,30.0
803,2024-08-21,29.4,24.6,26.7,19.0,13.1,63,0,0,36.0
804,2024-08-22,28.1,24.9,26.1,46.4,12.4,63,0,0,33.0
805,2024-08-23,28.4,24.7,26.0,35.6,14.3,63,0,0,30.0
806,2024-08-24,28.4,24.4,25.7,32.2,16.1,65,0,0,32.0
807,2024-08-25,27.9,24.4,25.7,8.0,12.5,63,0,0,41.0
808,2024-08-26,26.8,24.4,25.4,25.9,11.2,65,0,0,30.0
809,2024-08-27,30.0,24.3,26.5,6.9,11.4,61,0,0,31.0
810,2024-08-28,29.8,23.7,26.8,1.7,10.9,53,0,0,39.0
811,2024-08-29,30.3,24.5,26.6,7.9,8.5,61,0,0,44.0
812,2024-08-30,33.0,24.0,28.2,0.9,12.3,51,0,0,40.0
813,2024-08-31,32.2,25.4,28.8,1.0,16.8,51,0,0,19.0
814,2024-09-01,31.7,26.1,28.3,0.7,20.9,51,0,0,18.0
815,2024-09-02,30.5,25.5,27.8,3.5,16.6,63,0,0,46.0
816,2024-09-03,32.0,24.3,28.1,1.7,12.2,55,0,0,30.0
817,2024-09-04,32.8,24.5,28.6,0.4,10.4,51,0,0,25.0
818,2024-09-05,31.3,24.7,27.2,17.2,12.4,65,0,0,25.0
819,2024-09-06,30.7,24.1,27.4,11.6,11.3,63,0,0,73.0
820,2024-09-07,31.4,25.1,27.5,13.6,9.1,63,0,0,129.0
821,2024-09-08,32.0,24.6,27.4,35.1,16.2,65,0,0,92.0
822,2024-09-09,31.3,25.2,27.3,45.2,19.2,65,0,0,53.0
823,2024-09-10,32.5,25.7,28.1,2.3,17.7,51,0,0,36.0
824,2024-09-11,31.7,25.2,28.1,1.3,15.3,51,0,0,16.0
825,2024-09-12,30.9,25.0,27.8,0.6,13.4,51,0,0,33.0
826,2024-09-13,30.8,25.6,27.6,7.3,12.1,61,0,0,35.0
827,2024-09-14,29.9,24.4,26.8,10.5,15.8,63,0,0,34.0
828,2024-09-15,28.9,24.4,27.2,1.4,19.5,53,0,0,30.0
829,2024-09-16,29.1,24.8,26.2,24.5,23.5,63,0,0,21.0
830,2024-09-17,30.0,24.5,26.5,4.1,15.5,55,0,0,35.0
831,2024-09-18,29.0,23.6,26.1,3.7,11.2,55,0,0,34.0
832,2024-09-19,31.1,23.8,27.5,0.9,8.2,51,0,0,36.0
833,2024-09-20,31.7,24.2,27.9,5.1,13.7,61,0,0,32.0
834,2024-09-21,33.3,25.0,28.6,4.5,9.2,61,0,0,61.0
835,2024-09-22,32.0,24.4,27.5,11.6,6.7,63,0,0,76.0
836,2024-09-23,32.8,25.0,27.8,14.9,10.7,63,0,0,111.0
837,2024-09-24,30.9,24.8,27.0,31.9,14.1,65,0,0,59.0
838,2024-09-25,29.0,25.0,26.4,21.6,7.9,63,0,0,64.0
839,2024-09-26,30.8,25.0,26.9,13.0,14.2,63,0,0,32.0
840,2024-09-27,31.3,25.0,27.2,21.6,13.6,65,0,0,16.0
841,2024-09-28,32.2,24.3,28.0,0.3,12.8,51,0,0,37.0
842,2024-09-29,31.9,24.3,27.7,4.7,9.7,63,0,0,33.0
843,2024-09-30,32.7,24.9,28.3,2.5,13.7,61,0,0,46.0
844,2024-10-01,32.8,25.4,29.0,0.5,10.7,51,0,0,22.0
845,2024-10-02,32.7,25.9,28.9,1.0,13.9,51,0,0,26.0
846,2024-10-03,33.8,24.8,28.5,0.9,14.7,51,0,0,20.0
847,2024-10-04,33.2,24.0,28.7,0.1,12.5,51,0,0,33.0
848,2024-10-05,33.0,23.6,28.5,0.0,8.8,3,0,0,16.0
849,2024-10-06,32.6,24.0,27.9,0.0,11.6,3,0,0,29.0
850,2024-10-07,31.1,24.7,27.2,5.3,11.9,63,0,0,43.0
851,2024-10-08,30.8,24.2,26.7,16.4,6.1,65,0,0,31.0
852,2024-10-09,31.7,24.0,27.1,3.4,8.1,61,0,0,26.0
853,2024-10-10,32.3,24.0,27.7,0.6,11.0,51,0,0,17.0
854,2024-10-11,32.4,23.5,28.0,0.0,7.6,2,0,0,17.0
855,2024-10-12,32.5,24.3,28.3,0.2,6.5,51,0,0,10.0
856,2024-10-13,32.5,24.1,27.9,0.7,12.3,53,0,0,14.0
857,2024-10-14,32.8,23.9,27.3,9.2,16.2,63,0,0,18.0
858,2024-10-15,32.4,23.6,27.8,0.2,10.3,51,0,0,18.0
859,2024-10-16,32.8,24.5,28.4,0.3,8.2,51,0,0,20.0
860,2024-10-17,33.4,24.1,28.6,0.0,11.2,3,0,0,13.0
861,2024-10-18,33.1,24.2,28.5,0.5,7.6,51,0,0,31.0
862,2024-10-19,32.3,24.9,27.6,0.3,16.4,51,0,0,28.0
863,2024-10-20,32.2,23.6,27.7,0.1,9.2,51,0,0,20.0
864,2024-10-21,32.6,23.2,27.5,0.0,10.0,3,0,0,25.0
865,2024-10-22,32.6,22.5,26.8,0.0,11.6,3,0,0,29.0
866,2024-10-23,32.5,21.9,26.6,0.0,13.2,3,0,0,47.0
867,2024-10-24,31.6,23.7,27.1,0.2,20.3,51,0,0,26.0
868,2024-10-25,31.1,24.1,27.3,1.6,25.7,55,0,0,18.0
869,2024-10-26,27.8,24.2,25.7,3.0,16.9,53,0,0,41.0
870,2024-10-27,30.2,23.8,26.2,0.9,8.4,51,0,0,20.0
871,2024-10-28,31.0,22.5,26.1,1.7,13.2,51,0,0,22.0
872,2024-10-29,30.1,22.9,26.4,0.0,7.1,3,0,0,17.0
873,2024-10-30,31.0,23.5,26.7,0.9,6.5,53,0,0,17.0
874,2024-10-31,31.5,23.5,27.1,0.0,8.4,2,0,0,6.0
875,2024-11-01,33.2,21.9,26.8,0.0,9.1,1,0,0,21.0
876,2024-11-02,32.4,20.0,25.5,0.0,8.6,3,0,0,7.0
877,2024-11-03,31.7,21.1,25.9,0.0,8.1,3,0,0,26.0
878,2024-11-04,30.8,19.1,24.5,0.0,7.9,0,0,0,33.0
879,2024-11-05,31.1,20.2,25.3,0.0,9.1,2,0,0,18.0
880,2024-11-06,30.9,19.9,25.2,0.0,7.7,0,0,0,31.0
881,2024-11-07,30.6,20.6,25.3,0.0,7.2,3,0,0,19.0
882,2024-11-08,30.3,21.4,25.5,0.1,6.8,51,0,0,15.0
883,2024-11-09,30.9,20.5,25.4,0.0,6.6,3,0,0,37.0
884,2024-11-10,30.1,21.3,25.4,0.7,9.2,51,0,0,32.0
885,2024-11-11,30.9,20.0,24.8,0.0,8.7,3,0,0,20.0
886,2024-11-12,30.7,19.1,24.4,0.0,9.9,3,0,0,24.0
887,2024-11-13,30.7,18.9,24.3,0.0,6.9,3,0,0,13.0
888,2024-11-14,30.2,19.0,23.6,0.0,8.6,3,0,0,13.0
889,2024-11-15,29.5,17.8,22.7,0.0,7.6,3,0,0,30.0
890,2024-11-16,28.6,16.1,21.7,0.0,7.1,3,0,0,24.0
891,2024-11-17,28.7,16.1,21.6,0.0,6.5,2,0,0,20.0
892,2024-11-18,28.7,16.0,21.4,0.0,9.4,0,0,0,25.0
893,2024-11-19,28.2,15.8,21.0,0.0,7.6,0,0,0,13.0
894,2024-11-20,27.1,15.1,20.8,0.0,8.3,0,0,0,26.0
895,2024-11-21,27.5,15.1,20.7,0.0,5.9,0,0,0,17.0
896,2024-11-22,27.1,15.2,20.5,0.0,6.0,0,0,0,23.0
897,2024-11-23,26.7,15.3,20.3,0.0,6.0,1,0,0,4.0
898,2024-11-24,26.4,15.1,20.0,0.0,5.9,3,0,0,19.0
899,2024-11-25,26.9,14.5,19.8,0.0,7.5,3,0,0,31.0
900,2024-11-26,27.1,14.5,19.9,0.0,7.8,3,0,0,12.0
901,2024-11-27,26.9,14.5,19.5,0.0,10.0,3,0,0,22.0
902,2024-11-28,26.9,14.7,20.1,0.0,13.4,3,0,0,31.0
903,2024-11-29,28.5,16.6,22.0,0.0,12.6,3,0,0,32.0
904,2024-11-30,26.1,19.5,21.8,0.4,14.7,51,0,0,38.0
905,2024-12-01,25.2,18.5,21.4,7.7,9.6,63,0,0,15.0
906,2024-12-02,26.0,19.3,22.0,2.5,12.0,61,0,0,21.0
907,2024-12-03,27.8,20.3,23.6,0.1,8.7,51,0,0,13.0
908,2024-12-04,29.6,20.2,24.1,0.0,5.9,3,0,0,25.0
909,2024-12-05,29.6,19.3,23.9,0.0,6.4,3,0,0,18.0
910,2024-12-06,28.8,18.1,22.4,0.0,8.4,1,0,0,29.0
911,2024-12-07,28.5,17.2,22.4,0.0,8.0,3,0,0,27.0
912,2024-12-08,26.9,19.1,22.6,1.7,9.3,53,0,0,18.0
913,2024-12-09,26.3,20.2,22.3,2.3,12.5,55,0,0,13.0
914,2024-12-10,27.1,17.2,21.5,0.0,10.3,3,0,0,71.0
915,2024-12-11,25.9,14.4,19.2,0.0,6.8,3,0,0,41.0
916,2024-12-12,25.3,13.0,18.7,0.0,6.9,3,0,0,31.0
917,2024-12-13,25.9,13.3,18.7,0.0,9.0,3,0,0,23.0
918,2024-12-14,25.5,13.0,18.1,0.0,8.3,3,0,0,14.0
919,2024-12-15,25.1,11.7,17.4,0.0,7.7,0,0,0,36.0
920,2024-12-16,25.1,11.3,17.1,0.0,7.7,0,0,0,25.0
921,2024-12-17,25.7,11.1,17.4,0.0,7.0,3,0,0,11.0
922,2024-12-18,26.6,11.8,18.0,0.0,7.9,3,0,0,39.0
923,2024-12-19,28.1,14.5,20.7,0.0,9.6,3,0,0,31.0
924,2024-12-20,26.4,17.8,21.6,1.2,10.7,53,0,0,17.0
925,2024-12-21,26.8,16.8,21.0,0.3,12.7,51,0,0,8.0
926,2024-12-22,26.7,16.1,20.4,0.0,7.8,3,0,0,18.0
927,2024-12-23,27.4,15.7,20.9,0.0,7.1,3,0,0,27.0
928,2024-12-24,25.7,16.7,20.9,0.0,11.2,3,0,0,25.0
929,2024-12-25,24.6,17.6,20.7,0.2,6.2,51,0,0,31.0
930,2024-12-26,28.5,17.9,22.7,0.0,7.5,3,0,0,25.0
931,2024-12-27,29.3,18.3,22.9,0.0,9.0,3,0,0,15.0
932,2024-12-28,28.8,16.9,22.5,0.0,11.6,3,0,0,11.0
933,2024-12-29,27.5,18.5,22.8,0.4,10.5,51,0,0,5.0
934,2024-12-30,27.3,17.7,22.0,0.0,11.1,0,0,0,18.0
935,2024-12-31,26.2,15.4,20.2,0.0,9.4,3,0,0,4.0
936,2025-01-01,24.5,13.1,18.0,0.0,8.5,3,0,0,3.0
937,2025-01-02,25.1,11.8,17.9,0.0,7.3,3,0,0,15.0
938,2025-01-03,24.6,11.8,17.4,0.0,7.4,3,0,0,29.0
939,2025-01-04,25.5,12.3,18.2,0.0,6.2,3,0,0,13.0
940,2025-01-05,26.4,12.9,18.9,0.0,5.6,1,0,0,16.0
941,2025-01-06,25.8,13.4,19.3,0.0,7.6,0,0,0,17.0
942,2025-01-07,26.8,13.9,19.9,0.0,11.6,0,0,0,6.0
943,2025-01-08,23.9,12.9,17.9,0.0,10.2,0,0,0,12.0
944,2025-01-09,24.6,10.5,16.8,0.0,8.2,0,0,0,19.0
945,2025-01-10,25.7,10.7,17.6,0.0,7.0,3,0,0,25.0
946,2025-01-11,26.5,12.7,18.8,0.0,8.7,3,0,0,25.0
947,2025-01-12,26.7,13.2,19.5,0.0,8.0,3,0,0,16.0
948,2025-01-13,27.2,15.0,20.8,0.0,7.8,1,0,0,26.0
949,2025-01-14,27.7,15.4,20.4,0.0,8.3,2,0,0,13.0
950,2025-01-15,26.5,14.6,19.7,0.0,10.0,3,0,0,21.0
951,2025-01-16,26.3,13.1,19.2,0.0,7.1,3,0,0,16.0
952,2025-01-17,26.3,13.6,18.8,0.0,10.2,0,0,0,10.0
953,2025-01-18,26.5,12.7,18.9,0.0,8.1,0,0,0,8.0
954,2025-01-19,26.5,12.6,18.6,0.0,8.2,0,0,0,21.0
955,2025-01-20,26.4,11.4,18.6,0.0,7.7,0,0,0,11.0
956,2025-01-21,27.3,12.3,19.1,0.0,6.7,2,0,0,5.0
957,2025-01-22,28.7,13.5,20.1,0.0,6.8,0,0,0,10.0
958,2025-01-23,29.5,14.1,20.9,0.0,7.0,2,0,0,9.0
959,2025-01-24,29.8,15.2,21.8,0.0,6.7,0,0,0,26.0
960,2025-01-25,29.0,15.8,21.7,0.0,9.9,1,0,0,23.0
961,2025-01-26,27.6,15.8,20.5,0.0,11.4,2,0,0,11.0
962,2025-01-27,27.0,12.2,19.2,0.0,9.1,1,0,0,14.0
963,2025-01-28,28.0,12.5,19.5,0.0,8.3,1,0,0,9.0
964,2025-01-29,28.5,13.9,20.6,0.0,8.4,3,0,0,12.0
965,2025-01-30,30.3,16.6,22.8,0.0,8.7,3,0,0,28.0
966,2025-01-31,31.4,18.3,24.5,0.0,10.3,1,0,0,44.0
967,2025-02-01,32.1,19.0,24.5,0.0,8.0,3,0,0,22.0
968,2025-02-02,31.4,18.7,24.6,0.0,6.8,3,0,0,26.0
969,2025-02-03,32.0,18.8,24.8,0.0,9.4,0,0,0,13.0
970,2025-02-04,31.8,19.4,24.9,0.0,8.0,3,0,0,40.0
971,2025-02-05,32.3,18.6,25.0,0.0,9.1,3,0,0,27.0
972,2025-02-06,31.6,19.7,25.0,0.0,10.8,0,0,0,14.0
973,2025-02-07,29.0,17.2,23.0,0.0,9.7,0,0,0,18.0
974,2025-02-08,28.4,16.1,21.5,0.0,8.2,0,0,0,24.0
975,2025-02-09,29.0,14.0,20.6,0.0,8.6,1,0,0,23.0
976,2025-02-10,30.7,14.3,22.1,0.0,7.2,0,0,0,17.0
977,2025-02-11,31.2,15.7,23.7,0.0,7.9,0,0,0,24.0
978,2025-02-12,32.9,17.7,24.8,0.0,12.7,0,0,0,19.0
979,2025-02-13,30.8,16.8,23.2,0.0,10.6,0,0,0,8.0
980,2025-02-14,28.5,15.1,21.2,0.0,8.7,0,0,0,14.0
981,2025-02-15,29.3,13.7,21.8,0.0,10.0,0,0,0,7.0
982,2025-02-16,31.9,15.2,22.8,0.0,10.8,0,0,0,37.0
983,2025-02-17,32.4,16.8,24.1,0.0,8.2,0,0,0,19.0
984,2025-02-18,31.5,16.9,23.8,0.0,9.1,0,0,0,41.0
985,2025-02-19,31.4,18.1,24.7,0.0,15.8,1,0,0,24.0
986,2025-02-20,31.1,20.4,25.3,0.0,13.9,2,0,0,9.0
987,2025-02-21,31.8,19.5,25.1,0.0,12.1,1,0,0,41.0
988,2025-02-22,31.9,19.5,25.2,0.1,12.5,51,0,0,22.0
989,2025-02-23,31.1,18.7,24.3,0.0,13.1,0,0,0,35.0
990,2025-02-24,30.9,17.9,23.7,0.0,11.7,0,0,0,23.0
991,2025-02-25,31.0,16.6,23.4,0.0,9.3,0,0,0,27.0
992,2025-02-26,31.4,17.0,23.6,0.0,10.2,0,0,0,14.0
993,2025-02-27,31.5,17.3,24.1,0.0,6.2,1,0,0,38.0
994,2025-02-28,33.0,17.9,24.9,0.0,10.7,3,0,0,26.0
995,2025-03-01,34.3,19.2,26.3,0.0,9.9,3,0,0,11.0
996,2025-03-02,34.3,18.8,26.7,0.0,8.9,3,0,0,8.0
997,2025-03-03,33.9,20.1,26.7,0.0,13.3,3,0,0,10.0
998,2025-03-04,34.0,18.6,26.3,0.0,13.5,2,0,0,15.0
999,2025-03-05,31.8,20.2,25.5,0.0,16.3,1,0,0,43.0
1000,2025-03-06,29.8,15.3,22.9,0.0,10.9,0,0,0,19.0
1001,2025-03-07,30.4,15.1,22.7,0.0,9.6,0,0,0,23.0
1002,2025-03-08,32.2,15.0,23.7,0.0,9.5,0,0,0,25.0
1003,2025-03-09,34.3,17.1,25.3,0.0,13.7,0,0,0,14.0
1004,2025-03-10,34.0,18.9,26.4,0.0,13.2,0,0,0,17.0
1005,2025-03-11,33.7,19.0,26.4,0.0,8.2,0,0,0,13.0
1006,2025-03-12,35.4,19.1,26.8,0.0,10.5,0,0,0,22.0
1007,2025-03-13,37.8,20.0,28.4,0.0,11.8,2,0,0,31.0
1008,2025-03-14,38.1,20.2,28.8,0.0,11.3,0,0,0,19.0
1009,2025-03-15,37.5,19.9,29.0,0.0,8.7,0,0,0,7.0
1010,2025-03-16,38.3,21.9,30.1,0.0,12.9,1,0,0,28.0
1011,2025-03-17,37.8,24.0,30.3,0.0,22.1,3,0,0,22.0
1012,2025-03-18,35.7,23.8,29.4,0.0,15.9,3,0,0,53.0
1013,2025-03-19,38.1,21.8,29.6,0.0,15.0,1,0,0,27.0
1014,2025-03-20,37.1,24.4,30.5,0.0,27.2,1,0,0,60.0
1015,2025-03-21,35.7,23.0,27.9,0.0,24.3,3,0,0,70.0
1016,2025-03-22,31.3,21.0,25.2,16.8,18.9,65,0,0,58.0
1017,2025-03-23,31.8,20.6,25.4,0.5,18.9,53,0,0,57.0
1018,2025-03-24,32.3,20.0,25.9,0.0,8.7,1,0,0,26.0
1019,2025-03-25,33.4,18.3,26.2,0.0,6.3,0,0,0,17.0
1020,2025-03-26,35.5,18.7,26.9,0.0,11.7,0,0,0,25.0
1021,2025-03-27,37.0,19.1,27.9,0.0,10.6,0,0,0,16.0
1022,2025-03-28,37.9,20.4,29.0,0.0,9.7,0,0,0,21.0
1023,2025-03-29,38.3,21.5,29.6,0.0,12.1,2,0,0,30.0
1024,2025-03-30,38.1,21.8,29.8,0.0,9.5,0,0,0,22.0
1025,2025-03-31,38.4,20.8,29.8,0.0,10.9,0,0,0,14.0
1026,2025-04-01,38.3,23.7,31.0,0.0,14.2,1,0,0,48.0
1027,2025-04-02,37.9,25.3,30.0,1.2,22.3,55,0,0,52.0
1028,2025-04-03,36.5,23.9,29.2,1.2,22.2,53,0,0,28.0
1029,2025-04-04,30.0,24.1,27.5,0.0,10.0,3,0,0,30.0
1030,2025-04-05,37.5,22.7,30.2,0.0,12.7,1,0,0,9.0
1031,2025-04-06,40.4,22.4,31.6,0.0,14.7,0,0,0,15.0
1032,2025-04-07,39.9,22.8,31.8,0.0,25.9,2,0,0,36.0
1033,2025-04-08,39.5,24.3,31.6,0.0,22.5,2,0,0,27.0
1034,2025-04-09,37.5,23.8,31.1,0.0,19.7,1,0,0,60.0
1035,2025-04-10,36.7,24.5,30.2,0.0,35.3,3,0,0,34.0
1036,2025-04-11,38.3,24.0,30.2,0.0,15.5,3,0,0,41.0
1037,2025-04-12,39.7,23.9,32.0,0.0,19.2,3,0,0,34.0
1038,2025-04-13,39.0,25.4,31.6,0.0,16.9,3,0,0,35.0
1039,2025-04-14,37.4,23.6,30.4,0.2,18.3,51,0,0,55.0
1040,2025-04-15,37.5,24.6,29.0,1.1,21.4,53,0,0,42.0
1041,2025-04-16,37.2,22.5,29.7,0.0,21.8,1,0,0,25.0
1042,2025-04-17,38.7,24.3,31.6,0.0,16.2,1,0,0,78.0
1043,2025-04-18,40.0,25.7,32.8,0.0,17.6,1,0,0,89.0
1044,2025-04-19,40.0,26.1,32.5,0.0,15.1,1,0,0,79.0
1045,2025-04-20,40.7,25.6,33.8,0.0,14.5,1,0,0,79.0
1046,2025-04-21,41.3,27.7,34.2,0.0,12.5,1,0,0,90.0
1047,2025-04-22,42.7,27.0,34.6,0.0,14.2,0,0,0,85.0
1048,2025-04-23,42.1,26.3,34.5,0.0,15.4,0,0,0,50.0
1049,2025-04-24,42.4,26.3,34.7,0.0,16.3,1,0,0,58.0
1050,2025-04-25,41.9,27.3,34.2,0.0,15.5,1,0,0,119.0
1051,2025-04-26,41.4,26.2,33.3,0.0,27.6,2,0,0,53.0
1052,2025-04-27,33.7,27.4,30.5,0.0,10.4,3,0,0,68.0
1053,2025-04-28,37.7,24.5,30.5,1.1,18.9,53,0,0,111.0
1054,2025-04-29,38.5,23.9,30.5,0.0,20.5,3,0,0,146.0
1055,2025-04-30,36.7,24.0,30.1,0.0,12.5,1,0,0,90.0
1056,2025-05-01,37.0,24.4,30.7,0.0,20.5,3,0,0,39.0
1057,2025-05-02,35.8,23.9,29.4,0.0,14.2,0,0,0,142.0
1058,2025-05-03,36.7,24.1,28.9,4.3,26.4,63,0,0,124.0
1059,2025-05-04,35.4,22.6,28.8,0.0,9.6,3,0,0,81.0
1060,2025-05-05,36.2,23.9,30.1,0.1,11.7,51,0,0,41.0
1061,2025-05-06,37.4,24.1,30.9,0.0,8.7,1,0,0,50.0
1062,2025-05-07,37.8,24.8,31.3,0.0,16.6,3,0,0,36.0
1063,2025-05-08,37.3,25.4,31.7,0.0,9.8,3,0,0,16.0
1064,2025-05-09,36.7,26.0,31.5,0.0,10.2,3,0,0,32.0
1065,2025-05-10,39.0,26.1,32.7,0.0,11.3,3,0,0,58.0
1066,2025-05-11,39.6,26.9,33.5,0.0,12.8,1,0,0,117.0
1067,2025-05-12,38.9,27.7,33.6,0.8,17.6,53,0,0,90.0
1068,2025-05-13,40.1,28.4,33.3,2.4,15.7,61,0,0,76.0
1069,2025-05-14,40.1,26.9,33.0,0.0,11.3,2,0,0,71.0
1070,2025-05-15,40.0,27.8,33.1,0.0,18.9,3,0,0,74.0
1071,2025-05-16,40.0,27.8,33.3,0.0,14.8,3,0,0,56.0
1072,2025-05-17,38.9,27.8,33.3,2.5,16.1,61,0,0,56.0
1073,2025-05-18,40.0,27.7,33.0,1.8,21.7,55,0,0,59.0
1074,2025-05-19,39.9,27.7,32.8,0.1,24.4,51,0,0,116.0
1075,2025-05-20,40.1,26.9,33.5,0.0,15.3,3,0,0,84.0
1076,2025-05-21,41.3,27.6,33.7,0.1,21.9,51,0,0,127.0
1077,2025-05-22,34.3,26.4,29.8,0.7,17.7,51,0,0,72.0
1078,2025-05-23,34.4,25.8,29.6,0.2,9.4,51,0,0,71.0
1079,2025-05-24,33.6,25.1,28.4,15.5,10.1,63,0,0,65.0
1080,2025-05-25,32.7,26.0,28.8,2.2,16.1,61,0,0,78.0
1081,2025-05-26,34.5,26.3,29.2,17.8,12.0,65,0,0,49.0
1082,2025-05-27,34.9,26.4,29.3,2.5,12.4,55,0,0,80.0
1083,2025-05-28,34.6,25.9,29.4,7.4,19.5,63,0,0,102.0
1084,2025-05-29,35.2,26.0,29.9,8.8,11.8,63,0,0,112.0
1085,2025-05-30,36.7,27.0,30.7,2.7,16.0,61,0,0,95.0
1086,2025-05-31,34.5,26.4,29.3,5.4,11.4,61,0,0,62.0
1087,2025-06-01,37.1,26.2,31.2,0.0,19.7,3,0,0,36.0
1088,2025-06-02,37.3,25.6,31.7,0.0,16.7,3,0,0,38.0
1089,2025-06-03,35.9,26.7,30.9,0.2,17.0,51,0,0,31.0
1090,2025-06-04,35.9,25.7,29.7,0.1,22.6,51,0,0,50.0
1091,2025-06-05,34.9,25.0,30.0,0.0,10.0,3,0,0,44.0
1092,2025-06-06,35.7,26.3,30.9,0.3,9.7,51,0,0,63.0
1093,2025-06-07,37.3,25.9,31.4,0.2,19.9,51,0,0,43.0
1094,2025-06-08,37.4,25.9,31.8,0.0,15.8,3,0,0,78.0
1095,2025-06-09,37.3,27.6,32.1,0.3,14.2,51,0,0,53.0
1096,2025-06-10,36.8,25.8,31.1,0.5,14.5,53,0,0,41.0
1097,2025-06-11,35.4,26.7,30.4,0.3,17.7,51,0,0,48.0
1098,2025-06-12,35.1,26.6,30.3,0.9,17.1,53,0,0,36.0
1099,2025-06-13,36.0,26.6,31.2,0.0,15.2,3,0,0,43.0
1100,2025-06-14,35.8,27.2,31.3,0.2,12.7,51,0,0,83.0
1101,2025-06-15,35.6,26.2,30.1,9.0,15.5,63,0,0,72.0
1102,2025-06-16,32.4,25.4,28.0,25.2,10.5,65,0,0,83.0
1103,2025-06-17,32.5,26.0,28.0,10.4,16.5,63,0,0,78.0
1104,2025-06-18,27.2,25.2,26.4,33.6,16.4,63,0,0,75.0
1105,2025-06-19,26.7,24.5,25.7,24.8,22.8,63,0,0,39.0
1106,2025-06-20,31.8,25.2,28.1,13.2,22.1,63,0,0,45.0
1107,2025-06-21,35.2,25.4,30.2,0.7,19.2,51,0,0,42.0
1108,2025-06-22,33.9,26.7,29.6,0.2,16.4,51,0,0,32.0
1109,2025-06-23,30.0,26.2,27.6,18.3,16.1,63,0,0,37.0
1110,2025-06-24,32.3,25.5,28.0,5.8,13.1,63,0,0,35.0
1111,2025-06-25,32.2,25.0,27.4,37.7,12.8,63,0,0,39.0
1112,2025-06-26,29.7,24.4,26.9,25.9,15.3,63,0,0,29.0
1113,2025-06-27,30.8,24.6,27.5,9.5,20.8,61,0,0,42.0
1114,2025-06-28,29.4,24.7,26.6,43.3,23.6,65,0,0,34.0
1115,2025-06-29,31.6,24.6,27.6,10.2,21.1,63,0,0,15.0
1116,2025-06-30,31.1,24.4,26.6,18.9,16.8,63,0,0,24.0
1117,2025-07-01,30.2,24.2,26.4,37.9,17.1,63,0,0,40.0
1118,2025-07-02,29.7,24.7,26.2,35.6,18.3,65,0,0,62.0
1119,2025-07-03,27.2,24.1,25.2,116.0,19.6,65,1,0,50.0
1120,2025-07-04,30.3,24.0,26.6,33.3,20.3,65,0,0,68.0
1121,2025-07-05,30.5,24.6,26.4,56.5,19.6,65,1,0,78.0
1122,2025-07-06,28.9,24.5,26.3,154.8,21.6,65,1,0,78.0
1123,2025-07-07,28.9,24.2,26.0,10.2,15.6,63,0,0,56.0
1124,2025-07-08,29.2,24.0,26.3,4.7,17.6,61,0,0,37.0
1125,2025-07-09,29.1,23.1,25.2,40.1,18.5,65,0,0,48.0
1126,2025-07-10,30.5,23.7,26.3,16.7,15.8,63,0,0,59.0
1127,2025-07-11,31.2,24.6,27.7,5.3,13.4,61,0,0,38.0
1128,2025-07-12,32.8,25.3,28.4,3.9,15.5,61,0,0,49.0
1129,2025-07-13,32.7,25.6,28.9,1.8,8.7,55,0,0,92.0
1130,2025-07-14,28.9,24.8,26.9,19.7,9.9,63,0,0,67.0
1131,2025-07-15,31.3,24.3,27.2,23.6,20.2,63,0,0,42.0
1132,2025-07-16,32.9,25.0,28.1,10.6,13.5,63,0,0,36.0
1133,2025-07-17,32.8,24.7,28.0,16.2,15.7,65,0,0,64.0
1134,2025-07-18,33.2,24.6,28.4,0.9,8.3,53,0,0,58.0
1135,2025-07-19,33.3,25.1,28.9,6.3,12.9,63,0,0,36.0
1136,2025-07-20,29.5,24.9,27.3,16.5,9.2,63,0,0,48.0
1137,2025-07-21,32.1,24.8,28.6,9.9,10.2,63,0,0,51.0
1138,2025-07-22,32.5,25.2,28.7,9.5,6.8,63,0,0,78.0
1139,2025-07-23,32.7,26.0,28.4,30.5,9.3,65,0,0,105.0
1140,2025-07-24,32.4,25.3,27.7,13.5,14.7,63,0,0,79.0
1141,2025-07-25,29.9,25.4,27.1,17.1,13.9,63,0,0,52.0
1142,2025-07-26,30.1,24.7,26.8,16.2,22.0,65,0,0,56.0
1143,2025-07-27,32.0,25.1,28.2,1.7,22.2,51,0,0,46.0
1144,2025-07-28,31.1,25.8,28.3,0.8,20.2,51,0,0,47.0
1145,2025-07-29,28.9,25.0,26.5,12.8,17.8,63,0,0,24.0
1146,2025-07-30,31.1,24.7,27.4,1.5,17.4,53,0,0,28.0
1147,2025-07-31,32.7,25.4,28.7,0.9,18.6,53,0,0,37.0
1148,2025-08-01,32.2,24.8,28.7,1.8,16.0,61,0,0,64.0
1149,2025-08-02,31.1,24.9,27.4,16.4,16.8,65,0,0,37.0
1150,2025-08-03,32.3,25.9,28.7,1.4,14.8,53,0,0,30.0
1151,2025-08-04,32.6,25.5,28.8,2.1,9.0,61,0,0,50.0
1152,2025-08-05,32.8,25.3,28.9,1.8,7.3,61,0,0,58.0
1153,2025-08-06,32.6,26.3,28.6,11.5,17.0,63,0,0,44.0
1154,2025-08-07,33.2,25.7,28.3,1.6,21.0,53,0,0,26.0
1155,2025-08-08,30.1,24.8,26.6,6.8,20.6,61,0,0,35.0
1156,2025-08-09,31.8,24.0,27.7,1.0,14.5,53,0,0,35.0
1157,2025-08-10,32.2,25.1,27.8,7.1,11.5,63,0,0,43.0
1158,2025-08-11,32.6,24.3,28.6,6.3,10.0,63,0,0,58.0
1159,2025-08-12,33.1,25.0,29.1,2.9,14.1,61,0,0,62.0
1160,2025-08-13,32.7,24.8,28.2,2.5,14.0,53,0,0,83.0
1161,2025-08-14,31.2,25.6,27.7,10.7,18.3,65,0,0,47.0
1162,2025-08-15,31.6,25.0,27.6,7.9,14.4,63,0,0,48.0
1163,2025-08-16,32.3,25.3,28.3,2.5,17.3,55,0,0,51.0
1164,2025-08-17,32.6,24.5,28.3,1.6,19.1,61,0,0,37.0
1165,2025-08-18,31.7,25.5,28.1,1.5,22.0,53,0,0,54.0
1166,2025-08-19,31.0,25.6,27.4,16.4,16.0,65,0,0,50.0
1167,2025-08-20,31.5,24.9,27.2,4.4,13.6,61,0,0,48.0
1168,2025-08-21,30.4,24.0,26.7,9.9,17.9,61,0,0,59.0
1169,2025-08-22,27.4,24.7,25.7,60.9,17.0,65,1,0,30.0
1170,2025-08-23,27.4,24.3,25.6,27.3,20.2,65,0,0,30.0
1171,2025-08-24,27.8,23.8,25.4,21.5,23.0,63,0,0,31.0
1172,2025-08-25,28.7,23.8,26.0,14.5,11.5,65,0,0,27.0
1173,2025-08-26,31.2,23.9,26.8,13.3,7.8,63,0,0,36.0
1174,2025-08-27,31.7,24.1,27.2,2.4,13.7,55,0,0,29.0
1175,2025-08-28,30.9,24.3,27.3,0.9,9.9,51,0,0,17.0
1176,2025-08-29,31.8,24.4,28.0,0.5,11.0,51,0,0,20.0
1177,2025-08-30,31.4,24.6,27.9,0.8,17.7,51,0,0,27.0
1178,2025-08-31,31.3,24.3,27.4,17.9,9.2,65,0,0,44.0
1179,2025-09-01,31.1,24.5,27.4,5.4,16.8,61,0,0,34.0
1180,2025-09-02,29.3,24.6,26.5,19.4,10.2,63,0,0,35.0
1181,2025-09-03,29.8,23.9,26.3,22.8,11.5,63,0,0,54.0
1182,2025-09-04,31.4,23.6,26.5,41.2,20.6,65,0,0,38.0
1183,2025-09-05,30.1,24.4,26.8,7.2,8.5,63,0,0,34.0
1184,2025-09-06,31.0,23.8,27.3,5.8,10.2,61,0,0,37.0
1185,2025-09-07,30.7,24.6,27.2,18.6,10.2,65,0,0,54.0
1186,2025-09-08,31.7,23.7,27.3,4.6,11.8,61,0,0,58.0
1187,2025-09-09,32.1,24.7,28.0,3.5,7.0,63,0,0,49.0
1188,2025-09-10,32.0,25.1,28.2,6.3,8.9,63,0,0,72.0
1189,2025-09-11,30.4,25.4,27.3,15.7,10.3,63,0,0,52.0
1190,2025-09-12,31.7,24.1,27.0,8.2,11.4,63,0,0,37.0
1191,2025-09-13,31.1,24.3,27.3,2.5,13.9,61,0,0,36.0
1192,2025-09-14,31.5,24.6,27.3,7.0,9.8,63,0,0,73.0
1193,2025-09-15,29.3,24.8,26.5,19.4,9.7,65,0,0,50.0
1194,2025-09-16,28.5,24.6,26.3,14.1,11.7,63,0,0,22.0
1195,2025-09-17,30.6,24.1,27.0,2.1,14.0,51,0,0,34.0
1196,2025-09-18,31.2,24.4,27.7,0.9,9.3,51,0,0,48.0
1197,2025-09-19,32.2,24.4,28.0,3.5,11.0,61,0,0,50.0
1198,2025-09-20,32.4,24.7,28.0,4.8,11.8,61,0,0,49.0
1199,2025-09-21,30.7,24.8,27.1,8.8,7.3,63,0,0,83.0
1200,2025-09-22,30.7,25.2,27.2,11.0,7.8,63,0,0,98.0
1201,2025-09-23,28.1,24.0,25.9,51.3,10.5,65,1,0,79.0
1202,2025-09-24,28.9,24.0,25.8,43.2,12.1,65,0,0,52.0
1203,2025-09-25,31.4,23.7,27.2,1.9,13.4,53,0,0,53.0
1204,2025-09-26,31.5,24.5,26.9,27.3,15.6,65,0,0,58.0
1205,2025-09-27,30.6,25.1,27.0,12.1,21.8,63,0,0,36.0
1206,2025-09-28,30.4,25.1,27.1,5.8,12.3,63,0,0,29.0
1207,2025-09-29,31.1,24.0,27.2,0.5,8.2,51,0,0,12.0
1208,2025-09-30,31.0,24.2,27.2,5.0,9.3,63,0,0,19.0
1209,2025-10-01,31.8,24.3,27.8,5.2,16.3,61,0,0,65.0
1210,2025-10-02,30.5,25.1,26.7,36.4,22.8,65,0,0,60.0
1211,2025-10-03,27.9,24.4,25.9,22.6,17.4,63,0,0,28.0
1212,2025-10-04,30.6,24.6,26.3,11.3,14.4,63,0,0,30.0
1213,2025-10-05,28.8,24.1,25.5,6.1,13.3,63,0,0,35.0
1214,2025-10-06,28.8,23.0,25.7,3.0,7.1,55,0,0,17.0
1215,2025-10-07,29.9,23.5,26.0,2.5,11.1,53,0,0,35.0
1216,2025-10-08,30.6,24.5,26.9,4.9,6.9,61,0,0,40.0
1217,2025-10-09,31.0,24.2,26.7,2.6,7.4,61,0,0,34.0
1218,2025-10-10,31.2,23.2,26.3,4.8,15.7,63,0,0,31.0
1219,2025-10-11,31.5,22.8,26.8,0.0,9.0,3,0,0,14.0
1220,2025-10-12,31.0,22.4,26.5,0.0,6.2,2,0,0,31.0
1221,2025-10-13,31.0,22.9,26.5,0.0,8.2,0,0,0,26.0
1222,2025-10-14,31.4,22.5,26.6,0.0,6.3,1,0,0,15.0
1223,2025-10-15,31.4,22.4,26.4,0.0,6.1,0,0,0,18.0
1224,2025-10-16,30.9,22.2,25.9,0.0,8.2,0,0,0,18.0
1225,2025-10-17,31.0,21.7,25.5,0.0,7.8,0,0,0,17.0
1226,2025-10-18,30.5,20.6,25.5,0.0,6.3,0,0,0,37.0
1227,2025-10-19,30.2,22.6,25.9,0.6,9.4,51,0,0,42.0
