SLNO,time,temp_max_C,temp_min_C,temp_mean_C,precip_mm,wind_speed_max_m_s,weather_code,heavy_rain_flag,thunderstorm_flag,Complaint_Count
0,10-06-2022,41,30.3,34.6,0.1,16.6,51,0,0,10
1,11-06-2022,41,30.8,34.8,0.2,25.3,51,0,0,12
2,12-06-2022,39.8,29.5,34.4,0,16.7,3,0,0,5
3,13-06-2022,40.2,29.5,34.7,0,13.3,3,0,0,15
4,14-06-2022,39.2,30,32.9,8.6,19,63,0,0,16
5,15-06-2022,35.6,26.1,30.7,6,17.4,63,0,0,15
6,16-06-2022,36.8,26.5,30.4,0.6,15.3,53,0,0,11
7,17-06-2022,34.3,25.5,28.6,23.2,15.2,63,0,0,13
8,18-06-2022,31.5,25.4,27.6,11.2,15,63,0,0,26
9,19-06-2022,32.7,25.2,27.3,14.8,20.6,63,0,0,19
10,20-06-2022,32,25.2,27.2,11.7,16.2,63,0,0,20
11,21-06-2022,32,24.3,27.6,16,10.4,65,0,0,14
12,22-06-2022,32.5,24.9,28.1,9.9,12.9,65,0,0,11
13,23-06-2022,31.7,25.8,28.2,9,11.9,63,0,0,7
14,24-06-2022,30.1,24.2,27.2,19.6,18.9,63,0,0,12
15,25-06-2022,30.9,24.1,26.7,14.5,10.7,63,0,0,8
16,26-06-2022,32.2,24,28.1,4.1,13.1,61,0,0,11
17,27-06-2022,33,25.6,29.2,0.5,12,51,0,0,9
18,28-06-2022,33.5,25.7,29.4,1.7,12.1,53,0,0,5
19,29-06-2022,33.7,25.9,28.9,3.9,13.8,61,0,0,5
20,30-06-2022,31.2,25.3,27.9,9.1,10.5,63,0,0,5
21,01-07-2022,31,24.4,27.9,14,10.3,63,0,0,7
22,02-07-2022,32.1,24.8,28,16,9.9,63,0,0,7
23,03-07-2022,29.6,24.4,26.4,25.7,10.7,65,0,0,6
24,04-07-2022,30.3,24.2,26.6,20.9,9.4,63,0,0,9
25,05-07-2022,30.2,24.9,27,21.9,7.4,63,0,0,9
26,06-07-2022,31.8,24.6,27,28.1,10.7,65,0,0,11
27,07-07-2022,32.3,24.9,27.8,9.1,14,63,0,0,5
28,08-07-2022,32.3,24.8,27.8,12.2,16.2,63,0,0,3
29,09-07-2022,31,25,27.6,7.9,18.9,63,0,0,9
30,10-07-2022,32.2,25,27.8,3.2,13,63,0,0,16
31,11-07-2022,31.7,25.1,27.8,5.7,12.2,63,0,0,6
32,12-07-2022,30.4,25,27.5,16.6,15.6,63,0,0,11
33,13-07-2022,31.2,24.9,27.3,29.5,14.9,63,0,0,11
34,14-07-2022,28.4,24.4,25.9,54.5,14.4,65,1,0,12
35,15-07-2022,30.2,24.1,26.5,21.3,10.1,65,0,0,14
36,16-07-2022,31.2,24.6,26.7,19.6,11.9,65,0,0,12
37,17-07-2022,31.3,24.3,27.4,26.7,25.7,63,0,0,13
38,18-07-2022,31.4,25.2,27.4,5,13,61,0,0,12
39,19-07-2022,31.1,24.7,27.5,1.4,18.8,51,0,0,8
40,20-07-2022,30.7,25,27.9,0.2,15.3,51,0,0,8
41,21-07-2022,31,25.1,27.4,6.7,10.7,63,0,0,9
42,22-07-2022,30.3,24.9,26.5,21.1,7.2,63,0,0,10
43,23-07-2022,30.3,24.7,26.7,7.5,9.5,63,0,0,12
44,24-07-2022,29.3,24.3,26.4,22.6,9.2,65,0,0,12
45,25-07-2022,29.7,24,26.4,32.5,10.5,65,0,0,11
46,26-07-2022,31.2,24.1,27.4,19.5,11.5,65,0,0,7
47,27-07-2022,32,24.4,28,0.6,7,51,0,0,3
48,28-07-2022,31,24.8,27.5,8.4,11,63,0,0,12
49,29-07-2022,30.9,24.6,27.7,9.3,10.3,63,0,0,8
50,30-07-2022,32.7,25.5,28.3,2.6,9.3,61,0,0,6
51,31-07-2022,32.3,24.9,28.4,4.9,11.2,61,0,0,13
52,01-08-2022,32.3,25.7,28.5,2.5,11.5,61,0,0,11
53,02-08-2022,32.2,25,28.1,10.9,7.4,63,0,0,7
54,03-08-2022,31.5,25.1,28,5.9,14.8,63,0,0,17
55,04-08-2022,32.9,25.2,28.7,0.3,13.2,51,0,0,5
56,05-08-2022,32.7,25.1,29,1.2,9,53,0,0,13
57,06-08-2022,31.6,25.4,27.8,5.3,8.4,61,0,0,8
58,07-08-2022,30.6,24.7,26.8,26.1,15.5,65,0,0,7
59,08-08-2022,31.4,25,27.1,17.9,16.3,63,0,0,1
60,09-08-2022,28.5,25.4,26.5,20.8,14.8,63,0,0,9
61,10-08-2022,27.9,24.4,25.7,50.6,20.6,65,1,0,10
62,11-08-2022,28.3,24,25.5,17,17.6,63,0,0,7
63,12-08-2022,29.2,24.1,25.8,26.6,16.3,63,0,0,4
64,13-08-2022,27.7,24.4,25.7,23.9,17.1,63,0,0,4
65,14-08-2022,26.9,24.6,25.4,60.5,16.9,65,1,0,10
66,15-08-2022,27.9,24,25.4,51.2,23.8,63,1,0,13
67,16-08-2022,31.5,23.8,27.2,0.1,13.4,51,0,0,5
68,17-08-2022,32.2,24.5,28,1.1,11.6,53,0,0,2
69,18-08-2022,31.7,25.2,27.5,12.5,15.8,63,0,0,6
70,19-08-2022,28.7,24.6,26.1,49.7,12.4,65,0,0,11
71,20-08-2022,27,24.4,25.4,41.8,20.8,63,0,0,14
72,21-08-2022,30.1,24.4,26.6,11.1,19.2,63,0,0,7
73,22-08-2022,31.9,24.5,27.5,4.1,14.6,63,0,0,8
74,23-08-2022,32.1,24.1,28,0.4,8.4,51,0,0,9
75,24-08-2022,29.9,24.3,26.6,14.6,9.4,65,0,0,5
76,25-08-2022,30.6,24.3,26.8,3.6,9.7,61,0,0,7
77,26-08-2022,32.1,24.3,28,0.6,7.9,51,0,0,3
78,27-08-2022,32.7,25,28.2,1.5,9.1,53,0,0,8
79,28-08-2022,30.4,24.7,27.3,5.4,7.2,63,0,0,8
80,29-08-2022,32.6,24.4,28.2,1.7,10.8,55,0,0,13
81,30-08-2022,33.7,25.4,29.1,0,7.1,3,0,0,13
82,31-08-2022,32.4,25.5,28.5,5.4,12.2,61,0,0,7
83,01-09-2022,32.5,24.8,28.2,4.7,7.1,61,0,0,4
84,02-09-2022,32,24.9,28.4,0.7,9.6,51,0,0,5
85,03-09-2022,31.1,25.7,27.8,14.2,10.8,63,0,0,7
86,04-09-2022,31.3,25.3,27.2,8.6,11.2,63,0,0,6
87,05-09-2022,31.5,24.3,27.4,2.6,8.7,53,0,0,6
88,06-09-2022,32.2,24.5,27.8,3.3,8,63,0,0,4
89,07-09-2022,31,25.1,27.9,7.1,6.3,63,0,0,8
90,08-09-2022,32.4,25.3,28,7.6,16.8,63,0,0,7
91,09-09-2022,32.5,25.2,28.1,1.5,15.7,53,0,0,6
92,10-09-2022,32,24.8,27.3,4.2,16.3,61,0,0,3
93,11-09-2022,29.9,24.9,26.4,20.8,17.6,63,0,0,9
94,12-09-2022,31.2,24.4,26.5,23.5,19.8,65,0,0,4
95,13-09-2022,29.7,24.2,26.1,24.8,12.9,63,0,0,4
96,14-09-2022,30.9,23.5,26.7,9.3,16.2,63,0,0,8
97,15-09-2022,31.2,24.6,27.5,2.7,14.8,63,0,0,2
98,16-09-2022,31.2,24.6,27.1,7.9,15.6,63,0,0,6
99,17-09-2022,30.8,24.4,27.1,5.6,11.9,63,0,0,9
100,18-09-2022,29.8,24.3,26.7,11.8,9.5,63,0,0,7
101,19-09-2022,30.4,23.7,26.2,25.9,10,63,0,0,12
102,20-09-2022,28.9,24.1,26,21.4,7.8,63,0,0,7
103,21-09-2022,30.3,23.5,25.9,30.5,10.9,63,0,0,9
104,22-09-2022,30.3,23.6,26.2,12.3,11.1,61,0,0,10
105,23-09-2022,29.1,23.8,25.8,3.7,11.1,61,0,0,6
106,24-09-2022,31.4,23.7,27,1.9,9.9,53,0,0,7
107,25-09-2022,31.6,23.2,27.4,0.8,12.5,53,0,0,7
108,26-09-2022,30.8,23.8,27.1,9.1,6.9,63,0,0,8
109,27-09-2022,30.5,23.7,26.6,4.2,13.5,63,0,0,8
110,28-09-2022,31.1,23.9,26.8,4.8,12.6,63,0,0,6
111,29-09-2022,30.8,24.1,26.6,7.3,7.1,63,0,0,12
112,30-09-2022,31.3,23.8,27.1,1,10.2,51,0,0,5
113,01-10-2022,31.6,23.4,27.1,1.1,7.7,53,0,0,5
114,02-10-2022,31.5,23.5,27,10.9,15.9,63,0,0,7
115,03-10-2022,30.8,24.4,26.5,18.9,9.2,63,0,0,9
116,04-10-2022,28,24.3,25.6,7.7,14.1,63,0,0,4
117,05-10-2022,30.6,24.2,26.9,5.4,17.4,61,0,0,3
118,06-10-2022,29.6,24.1,26.4,6.5,19.9,63,0,0,5
119,07-10-2022,30.1,23.8,26.2,5.1,14.9,61,0,0,3
120,08-10-2022,30.7,22.7,26.2,2.6,10.5,61,0,0,6
121,09-10-2022,31.5,22.9,26.2,4.3,13.5,61,0,0,1
122,10-10-2022,30.7,23.4,26,5.9,11,63,0,0,4
123,11-10-2022,30,23,25.5,5.7,7.9,63,0,0,7
124,12-10-2022,29.4,23.3,25.3,13,9.4,63,0,0,6
125,13-10-2022,29.6,23,25.8,2.4,5.5,53,0,0,9
126,14-10-2022,29.7,22.6,25.2,7.9,11.3,63,0,0,7
127,15-10-2022,30.5,22.8,26.1,0.7,6.6,53,0,0,12
128,16-10-2022,30.1,23.1,26.2,0.9,6.6,51,0,0,5
129,17-10-2022,30.3,23,25.9,8.1,7.6,63,0,0,7
130,18-10-2022,29.5,22.3,25,2.6,10.1,61,0,0,5
131,19-10-2022,30.2,22.1,25.4,0.2,7.9,51,0,0,6
132,20-10-2022,30.5,20,24.6,0,9.6,0,0,0,5
133,21-10-2022,30,18,23.8,0,10,0,0,0,8
134,22-10-2022,30,18.5,23.7,0,11.2,0,0,0,3
135,23-10-2022,30.6,20.2,24.7,0,12.8,3,0,0,1
136,24-10-2022,30.6,20.8,25.2,0,12.2,3,0,0,1
137,25-10-2022,29.8,20.2,24.6,0,5.8,2,0,0,2
138,26-10-2022,29.7,18.6,23.9,0,9.1,0,0,0,7
139,27-10-2022,29.8,18,24.1,0,8.2,0,0,0,1
140,28-10-2022,29.3,17.2,23,0,8.5,0,0,0,4
141,29-10-2022,29.2,15.6,21.5,0,10.4,0,0,0,2
142,30-10-2022,28.6,15.2,22,0,11.2,0,0,0,2
143,31-10-2022,29.3,16.5,22.4,0,8.4,3,0,0,4
144,01-11-2022,29.7,18.3,23.8,0,7.3,3,0,0,5
145,02-11-2022,28.9,20.3,24,0,7.4,3,0,0,2
146,03-11-2022,29.7,18,23.2,0,8.9,3,0,0,5
147,04-11-2022,30,16.2,23.5,0,9.3,0,0,0,3
148,05-11-2022,29.8,17.1,23.5,0,8.1,0,0,0,4
149,06-11-2022,29.8,18.2,23.7,0,8.7,0,0,0,2
150,07-11-2022,29.3,17.5,23.7,0,6.8,3,0,0,1
151,08-11-2022,29.5,18.6,24.2,0,7.8,3,0,0,3
152,09-11-2022,28.5,19.4,23.6,0.1,7.7,51,0,0,5
153,10-11-2022,29.2,18,22.8,0,11.3,1,0,0,8
154,11-11-2022,29.3,17.3,22.1,0,8.2,3,0,0,7
155,12-11-2022,29,17.3,22.5,0,9.2,3,0,0,7
156,13-11-2022,28.2,15.8,21.2,0,8.9,0,0,0,6
157,14-11-2022,28,15.2,20.6,0,9.2,0,0,0,6
158,15-11-2022,27.4,13.8,20.3,0,9.4,0,0,0,10
159,16-11-2022,27.7,14.4,20.4,0,11.4,0,0,0,4
160,17-11-2022,28.8,14.7,20.7,0,10.5,0,0,0,3
161,18-11-2022,28.2,16,21.1,0,10.6,2,0,0,6
162,19-11-2022,26.8,15,20.1,0,10.4,3,0,0,10
163,20-11-2022,26.9,13.3,19.6,0,11.2,3,0,0,3
164,21-11-2022,27.8,14.9,20.9,0,9,3,0,0,5
165,22-11-2022,28.7,17.1,22,0,8.5,3,0,0,3
166,23-11-2022,28.3,16.5,21.2,0,8.8,3,0,0,12
167,24-11-2022,27.6,15.1,20.1,0,9,3,0,0,2
168,25-11-2022,27.4,14.5,19.8,0,10.1,2,0,0,9
169,26-11-2022,26.8,13.5,19.7,0,8.8,0,0,0,1
170,27-11-2022,26.6,12.7,19.6,0,10.3,0,0,0,5
171,28-11-2022,27,13.6,19.4,0,9.5,0,0,0,5
172,29-11-2022,28,13.8,20.2,0,9.8,3,0,0,6
173,30-11-2022,28.4,15,20.9,0,10.2,0,0,0,8
174,01-12-2022,28.6,15.7,21,0,9,0,0,0,4
175,02-12-2022,28.5,15.7,21,0,9,0,0,0,5
176,03-12-2022,28.4,15.6,21.8,0,8.2,0,0,0,7
177,04-12-2022,28.2,15.2,21.2,0,8.2,0,0,0,6
178,05-12-2022,27.6,14.7,21.4,0,8.4,2,0,0,2
179,06-12-2022,27.3,14.3,20.2,0,10.6,3,0,0,6
180,07-12-2022,26.1,13.6,19.1,0,9.4,3,0,0,10
181,08-12-2022,26.2,13.2,18.8,0,10.3,3,0,0,6
182,09-12-2022,26.5,12.4,19.2,0,8.3,3,0,0,12
183,10-12-2022,23.1,17.3,19.8,0,8,3,0,0,4
184,11-12-2022,27.9,15.2,21.4,0,7.5,3,0,0,5
185,12-12-2022,29.8,16.2,22.3,0,9,3,0,0,15
186,13-12-2022,30.5,17.9,23.8,0,8.9,0,0,0,12
187,14-12-2022,30.5,17.6,23.4,0,9,3,0,0,20
188,15-12-2022,29.2,17.9,23.4,0,8.4,0,0,0,10
189,16-12-2022,28.1,16.5,22.1,0,8.6,0,0,0,20
190,17-12-2022,27.1,13.9,19.8,0,9.7,3,0,0,6
191,18-12-2022,26.6,12.7,18.8,0,10.5,3,0,0,3
192,19-12-2022,26.3,11.8,19,0,8.9,3,0,0,4
193,20-12-2022,26.8,11.6,19.4,0,9.3,3,0,0,5
194,21-12-2022,26.9,12.4,18.8,0,10.2,3,0,0,11
195,22-12-2022,27,11.7,18.2,0,9.8,3,0,0,6
196,23-12-2022,28.6,11.8,19,0,11.3,3,0,0,8
197,24-12-2022,29.2,14.8,20.7,0,11.8,0,0,0,9
198,25-12-2022,28.7,15.1,20.9,0,11.4,3,0,0,8
199,26-12-2022,29,16.1,22,0,10.4,0,0,0,18
200,27-12-2022,30,15.4,22.8,0,12.7,1,0,0,14
201,28-12-2022,28.3,17.1,22.1,0,12.3,3,0,0,3
202,29-12-2022,26,13.7,19.2,0,9.7,3,0,0,16
203,30-12-2022,26.9,11.9,19,0,10.4,0,0,0,5
204,31-12-2022,28.3,14.4,21.2,0,13.2,2,0,0,3
205,01-01-2023,27.6,14,20.4,0,12.4,3,0,0,2
206,02-01-2023,27.4,14.4,20.4,0,10.4,1,0,0,6
207,03-01-2023,26.4,16,20.7,0.4,9.6,51,0,0,10
208,04-01-2023,27.5,15.8,21.7,0,9.1,3,0,0,19
209,05-01-2023,27.3,17.7,22,0,13.3,3,0,0,8
210,06-01-2023,25,15.3,19.2,0,13.3,0,0,0,11
211,07-01-2023,24.7,11.1,17.8,0,11,0,0,0,3
212,08-01-2023,25.7,9.6,17.2,0,10.9,0,0,0,7
213,09-01-2023,26.5,10.9,18.2,0,11.4,0,0,0,6
214,10-01-2023,27.3,11.5,19.1,0,9.7,0,0,0,9
215,11-01-2023,27.8,11.5,19.3,0,10.5,0,0,0,4
216,12-01-2023,28.5,12.4,19.6,0,10.4,0,0,0,13
217,13-01-2023,29.3,13.1,20.8,0,9,0,0,0,9
218,14-01-2023,29.3,14.4,21.7,0,11,1,0,0,24
219,15-01-2023,27.7,15.2,21.1,0,12.5,0,0,0,4
220,16-01-2023,27.4,15.1,20.8,0,10.4,0,0,0,16
221,17-01-2023,28.7,14.9,21.2,0,9.2,1,0,0,7
222,18-01-2023,28.6,16.9,22,0,11.2,3,0,0,3
223,19-01-2023,28,16.5,21.5,0,12,3,0,0,5
224,20-01-2023,29,15.4,21.6,0,9.5,3,0,0,16
225,21-01-2023,29,16.3,22.3,0,10.3,0,0,0,3
226,22-01-2023,30,15,21.7,0,9.5,0,0,0,9
227,23-01-2023,29.8,16,21.9,0,11.2,1,0,0,6
228,24-01-2023,30.5,14.5,21.4,0,9.4,3,0,0,7
229,25-01-2023,30.5,16.1,22.2,0,11.1,3,0,0,4
230,26-01-2023,30.7,17.6,23,0,10,0,0,0,6
231,27-01-2023,30.9,16.8,23.9,0,9.9,0,0,0,4
232,28-01-2023,31,18,23.8,0,9.8,0,0,0,2
233,29-01-2023,31.4,17.2,24.1,0,9.5,2,0,0,9
234,30-01-2023,31,17.8,23.6,0,10,3,0,0,5
235,31-01-2023,31.2,16.6,23.7,0,10.5,3,0,0,6
236,01-02-2023,30,18.1,23.4,0,11.3,3,0,0,9
237,02-02-2023,27.7,15.5,20.8,0,12,3,0,0,8
238,03-02-2023,29.1,13.3,20.5,0,10.9,3,0,0,6
239,04-02-2023,29.1,12.3,20.7,0,10.6,2,0,0,3
240,05-02-2023,29.6,12.6,20.8,0,11.2,0,0,0,3
241,06-02-2023,30.3,14,22.1,0,11,0,0,0,11
242,07-02-2023,31.5,13.8,22.7,0,10.9,0,0,0,9
243,08-02-2023,31,15.4,23.4,0,15.8,0,0,0,23
244,09-02-2023,30.3,15,22.4,0,10.5,2,0,0,9
245,10-02-2023,31.6,13.5,22.4,0,10.4,3,0,0,17
246,11-02-2023,34.2,16.5,25.3,0,15.5,0,0,0,11
247,12-02-2023,31.6,16.4,23.4,0,12,0,0,0,3
248,13-02-2023,29.2,14.7,21.7,0,16.6,0,0,0,26
249,14-02-2023,29.2,14.8,21.3,0,12,0,0,0,11
250,15-02-2023,31.5,13.9,22.2,0,16.5,0,0,0,16
251,16-02-2023,29.4,14.4,22,0,12,0,0,0,17
252,17-02-2023,31.3,16.1,23.4,0,10.5,0,0,0,6
253,18-02-2023,31.7,18.4,24.5,0,10.2,1,0,0,7
254,19-02-2023,32.5,18.9,25.4,0,8.9,0,0,0,20
255,20-02-2023,33,18.2,25.6,0,14.7,0,0,0,11
256,21-02-2023,34.5,16.2,25,0,9.7,0,0,0,4
257,22-02-2023,35.7,19.3,26.8,0,10.4,3,0,0,8
258,23-02-2023,34.4,18,25.8,0,12.3,3,0,0,11
259,24-02-2023,34.4,17.3,25.4,0,12.2,2,0,0,6
260,25-02-2023,34.3,19.4,25.9,0,12,0,0,0,8
261,26-02-2023,34.3,17.2,25.7,0,11.5,0,0,0,18
262,27-02-2023,34.2,19.4,26.1,0,10.2,0,0,0,15
263,28-02-2023,34.8,18.1,25.8,0,11.4,0,0,0,6
264,01-03-2023,35.1,18.8,27.4,0,11,0,0,0,23
265,02-03-2023,35.5,19.6,27.1,0,13.5,0,0,0,17
266,03-03-2023,35.8,19.6,27.5,0,12.8,0,0,0,27
267,04-03-2023,35.8,18.5,27,0,9.9,0,0,0,4
268,05-03-2023,35.8,19.1,27.2,0,12.1,0,0,0,7
269,06-03-2023,35,19.9,27.7,0,14.1,1,0,0,29
270,07-03-2023,35.5,19.5,27.3,0,9,3,0,0,10
271,08-03-2023,34.3,20.6,27.2,0,11.7,3,0,0,5
272,09-03-2023,34.5,20.7,27.8,0,14.8,3,0,0,3
273,10-03-2023,35.4,20.2,27.5,0,17.6,3,0,0,14
274,11-03-2023,35.1,19.5,27,0,12,0,0,0,27
275,12-03-2023,35.5,19.2,27.5,0,9.6,0,0,0,15
276,13-03-2023,35.9,19.6,27.2,0,9.7,3,0,0,13
277,14-03-2023,36,21.6,28.1,0,20.5,3,0,0,12
278,15-03-2023,35.5,20.1,27.8,0,14.8,3,0,0,23
279,16-03-2023,35.4,23,27.5,0,17.4,3,0,0,7
280,17-03-2023,30.8,20.9,25.2,2,8,61,0,0,19
281,18-03-2023,31.9,20.3,24.7,0.6,12.1,53,0,0,27
282,19-03-2023,28.1,19.6,23.1,4.6,13.5,63,0,0,26
283,20-03-2023,29.8,17.6,23.4,0.5,13.8,51,0,0,16
284,21-03-2023,30.2,18.6,23.5,4,15.9,63,0,0,19
285,22-03-2023,31.1,19.9,24.3,1.9,15.4,53,0,0,15
286,23-03-2023,31.5,18.4,25.4,0,12.6,1,0,0,12
287,24-03-2023,33.8,19.8,27,0,9.7,1,0,0,8
288,25-03-2023,35.4,21.3,28.7,0,11.3,1,0,0,8
289,26-03-2023,34.3,22.2,28.7,0.4,16.7,51,0,0,8
290,27-03-2023,35,21.9,28.1,0.2,13.7,51,0,0,21
291,28-03-2023,36.3,22,28.9,0,13,3,0,0,28
292,29-03-2023,36.9,23.4,30.1,0,15.5,1,0,0,6
293,30-03-2023,37.8,23.5,30.3,0,26.7,2,0,0,23
294,31-03-2023,32.3,22.9,26.8,6.1,17.4,61,0,0,21
295,01-04-2023,30.5,21,25.2,15.7,22.7,63,0,0,17
296,02-04-2023,32.8,21.1,27,0.5,16.5,53,0,0,21
297,03-04-2023,35,20.2,27.8,0,13.4,3,0,0,15
298,04-04-2023,36.7,20.4,28.8,0,17.8,1,0,0,18
299,05-04-2023,35.5,22.9,29.3,0,15,1,0,0,13
300,06-04-2023,36.8,22.1,29.4,0,12.8,3,0,0,29
301,07-04-2023,37,22.6,30.4,0,10.7,3,0,0,16
302,08-04-2023,37.5,24,29.9,0,22.2,3,0,0,25
303,09-04-2023,36.4,22.7,30,0,14.2,3,0,0,20
304,10-04-2023,37.4,23.6,30.8,0,15.5,3,0,0,10
305,11-04-2023,39.2,24,31.6,0,11.8,0,0,0,7
306,12-04-2023,39.9,22.7,31.6,0,10.5,1,0,0,16
307,13-04-2023,41.4,22.6,32.2,0,13.8,2,0,0,19
308,14-04-2023,41,24.3,33.7,0,13.5,3,0,0,10
309,15-04-2023,41.6,25,34.1,0,13.4,3,0,0,7
310,16-04-2023,41.7,26.5,34,0,15.7,3,0,0,15
311,17-04-2023,41.2,26.4,33.9,0,14,3,0,0,19
312,18-04-2023,41.7,26.1,34.1,0,10.6,3,0,0,15
313,19-04-2023,42.5,25.7,34.8,0,16.9,3,0,0,5
314,20-04-2023,41.5,26,33.3,0,29,3,0,0,26
315,21-04-2023,32.4,24.9,28.3,0,25.6,3,0,0,21
316,22-04-2023,38,24.3,29.7,0.4,20.5,51,0,0,23
317,23-04-2023,33,22.3,27.6,0.1,9.5,51,0,0,14
318,24-04-2023,35.5,22.4,29,0,14.2,3,0,0,20
319,25-04-2023,32,23.7,28.2,2.5,16.1,61,0,0,16
320,26-04-2023,35.6,24.1,29.7,0,10.4,3,0,0,16
321,27-04-2023,36.5,24.4,30.1,0.2,14.5,51,0,0,29
322,28-04-2023,36.9,25.4,30.7,0.1,15.6,51,0,0,27
323,29-04-2023,34.4,24.7,28.9,0,12.6,3,0,0,22
324,30-04-2023,31.9,24.3,28,0.8,14.4,51,0,0,14
325,01-05-2023,30.4,23,25.9,3.5,11.6,61,0,0,14
326,02-05-2023,32.1,21.6,26.8,2.5,11.9,61,0,0,12
327,03-05-2023,33.4,22.9,27.2,6.1,12.5,63,0,0,7
328,04-05-2023,35,22.6,29,0,10.8,3,0,0,7
329,05-05-2023,36.4,24.2,30.5,0,17,3,0,0,9
330,06-05-2023,37.5,25,31.6,0,14.8,3,0,0,12
331,07-05-2023,39.3,25,32.5,0,12.1,2,0,0,12
332,08-05-2023,40,27,33.3,0,13.8,3,0,0,23
333,09-05-2023,40,27.9,33.6,0,18.1,3,0,0,20
334,10-05-2023,40.5,26.7,33.8,0,13.2,3,0,0,26
335,11-05-2023,42.3,26.2,33.5,0,14.8,3,0,0,37
336,12-05-2023,40.9,24.8,32.9,0,17.8,3,0,0,24
337,13-05-2023,40.9,25.5,32.9,0,13.8,3,0,0,25
338,14-05-2023,43.9,25.2,34.3,0,23.6,3,0,0,15
339,15-05-2023,42.6,24.9,35,0,18.1,3,0,0,15
340,16-05-2023,42.5,26.9,35,0,25.8,2,0,0,21
341,17-05-2023,41.9,28.6,35.4,0,15.5,1,0,0,30
342,18-05-2023,42.5,29.6,35.5,0,16.9,2,0,0,26
343,19-05-2023,41.5,28.6,35.1,0,20,2,0,0,38
344,20-05-2023,41,28.4,34.4,0,18.1,3,0,0,13
345,21-05-2023,40.3,27.8,34.2,0.7,18.4,53,0,0,18
346,22-05-2023,41.9,27.2,34.4,0.1,19,51,0,0,36
347,23-05-2023,41.9,28.1,35.1,0,23.1,3,0,0,17
348,24-05-2023,41.9,28.1,35.5,0,22.5,3,0,0,24
349,25-05-2023,41.4,28.7,34.9,0.3,21.1,51,0,0,22
350,26-05-2023,40,27.1,33.5,0.7,17.4,53,0,0,10
351,27-05-2023,39.2,26.3,33.2,0,29.8,3,0,0,27
352,28-05-2023,39.5,25,32.9,0,14,1,0,0,14
353,29-05-2023,39.6,26.8,33.6,0,15.2,3,0,0,38
354,30-05-2023,40.4,28.8,34.5,0,22.3,3,0,0,29
355,31-05-2023,40.4,28.6,34,0.1,17.3,51,0,0,15
356,01-06-2023,41.7,28.2,35.1,0,14.4,3,0,0,27
357,02-06-2023,41.5,27.6,35.3,0,14.3,2,0,0,28
358,03-06-2023,40.4,29.2,34.9,0.5,13.4,51,0,0,24
359,04-06-2023,40.7,28,32.9,0,15.8,3,0,0,27
360,05-06-2023,40,25.7,33.5,0,9,3,0,0,15
361,06-06-2023,41.2,28.1,34.7,0,16.5,3,0,0,21
362,07-06-2023,40.9,27.5,35,0,14.7,3,0,0,21
363,08-06-2023,42.2,28,35.7,0,16.5,3,0,0,28
364,09-06-2023,43,27.6,35.8,0,20.9,3,0,0,45
365,10-06-2023,42.2,28.7,35.3,0,18.2,3,0,0,40
366,11-06-2023,42.8,28.8,36.4,0,20.9,3,0,0,19
367,12-06-2023,42.6,29.6,36.7,0,16.8,3,0,0,44
368,13-06-2023,41.8,30.5,36.2,0.1,21.1,51,0,0,40
369,14-06-2023,40.2,30.9,34.9,0.1,21.8,51,0,0,50
370,15-06-2023,41.6,30.1,35.8,0.4,21.8,51,0,0,52
371,16-06-2023,42.8,31.1,37.1,0,16.7,3,0,0,8
372,17-06-2023,43,30.6,37.6,0,16.1,3,0,0,27
373,18-06-2023,42.8,31.3,37.7,0,12.1,3,0,0,39
374,19-06-2023,42.3,30.9,36.1,0,19.8,3,0,0,44
375,20-06-2023,42.2,28.6,34.4,0.1,19.7,51,0,0,40
376,21-06-2023,39.5,28.2,32.7,8.9,18.9,63,0,0,34
377,22-06-2023,36.5,26.2,30.2,29.9,11.7,65,0,0,24
378,23-06-2023,31.5,25.7,28.1,22.1,12.6,65,0,0,32
379,24-06-2023,29.8,25.9,27.4,19.5,12.4,65,0,0,67
380,25-06-2023,27.6,24.8,26.2,54.5,13.4,63,1,0,51
381,26-06-2023,28.4,24.2,26.2,70.5,17.9,65,1,0,46
382,27-06-2023,28.3,25,26.2,12.6,23.2,61,0,0,21
383,28-06-2023,30.1,23.8,26.1,69.9,19.5,65,1,0,16
384,29-06-2023,31.6,24.1,28,7.1,13.7,63,0,0,16
385,30-06-2023,32.2,26.4,29.2,0.3,15,51,0,0,20
386,01-07-2023,33.7,25.7,29.9,3.6,14,61,0,0,26
387,02-07-2023,34.6,27.1,30.5,0.3,9.5,51,0,0,20
388,03-07-2023,34.3,27.3,30.8,0.5,14,53,0,0,31
389,04-07-2023,33.5,27.2,30.3,8.5,13,63,0,0,23
390,05-07-2023,34.6,26.7,30.5,0.4,12.4,51,0,0,29
391,06-07-2023,30.7,25.8,27.4,22.2,13.4,63,0,0,32
392,07-07-2023,31.2,24.9,27.5,18.2,14.4,65,0,0,26
393,08-07-2023,31.7,25.3,27.7,12.6,12.1,63,0,0,12
394,09-07-2023,31.1,25,27.6,19.9,16.5,65,0,0,14
395,10-07-2023,32.5,25.5,29,10.3,13.5,65,0,0,12
396,11-07-2023,32.8,24.8,28,21.7,15.9,63,0,0,18
397,12-07-2023,33.1,24.7,28.5,10,12.9,63,0,0,27
398,13-07-2023,32.6,25.6,28.5,5.4,12.6,63,0,0,37
399,14-07-2023,30.7,26.2,28.1,10.4,11.6,63,0,0,33
400,15-07-2023,30.5,25.4,27.4,27.7,11.9,63,0,0,19
401,16-07-2023,30.8,24,26.8,24.7,14.3,65,0,0,21
402,17-07-2023,31.6,24.8,26.8,19.7,9.2,63,0,0,22
403,18-07-2023,32.5,25.5,28.1,5.3,12.6,61,0,0,21
404,19-07-2023,31.5,25.5,28,5.6,11.3,61,0,0,41
405,20-07-2023,32,25.6,28.2,18.4,10,65,0,0,18
406,21-07-2023,32.3,25.6,28.1,7.3,17,63,0,0,19
407,22-07-2023,32.3,25.7,28.3,4.3,14.7,61,0,0,39
408,23-07-2023,32.5,24.9,28,10.8,13.5,63,0,0,16
409,24-07-2023,33.2,25.1,28.6,2.1,12,53,0,0,18
410,25-07-2023,33.3,24.7,28.8,1.3,12.7,53,0,0,30
411,26-07-2023,32.2,26.1,28.8,10.4,17.1,63,0,0,17
412,27-07-2023,33,26.3,29.1,4,15.9,53,0,0,11
413,28-07-2023,31.7,25.5,28.1,4.6,9.4,61,0,0,26
414,29-07-2023,32,24.6,27.6,43.3,13.2,65,0,0,50
415,30-07-2023,30.9,25.2,27.6,22.7,13,63,0,0,77
416,31-07-2023,33.2,25.4,28.4,20.6,11.8,63,0,0,19
417,01-08-2023,29.2,25.6,26.9,59.6,14.8,65,1,0,38
418,02-08-2023,26.8,25.2,25.9,74.9,27.4,65,1,0,77
419,03-08-2023,29.3,25,26.9,12.9,33.2,63,0,0,69
420,04-08-2023,29.2,24.8,26.5,6.2,18.7,63,0,0,31
421,05-08-2023,31.6,25.2,27.6,8.3,20.5,61,0,0,23
422,06-08-2023,30,25.4,27.6,6.4,19.3,63,0,0,24
423,07-08-2023,30.9,25.8,27.6,7.7,17.3,63,0,0,27
424,08-08-2023,32.5,25.3,28.1,1.1,17.1,53,0,0,23
425,09-08-2023,31.8,25.4,28.2,1.1,15.6,51,0,0,17
426,10-08-2023,32.3,25.3,28.4,0.7,14.7,51,0,0,14
427,11-08-2023,32.2,25.3,28,2.9,12.7,61,0,0,35
428,12-08-2023,31.7,25.1,27.5,5.2,12.8,63,0,0,32
429,13-08-2023,31.8,25.8,27.9,4.3,8,61,0,0,19
430,14-08-2023,30.9,25.4,27.4,5.3,9,61,0,0,31
431,15-08-2023,31.6,25.1,27.4,14.6,12.6,65,0,0,31
432,16-08-2023,31.7,24,27.4,13.5,11.1,63,0,0,16
433,17-08-2023,30.1,25.1,26.8,25.6,9.8,63,0,0,17
434,18-08-2023,30.5,24.8,26.7,18.8,10.8,63,0,0,28
435,19-08-2023,32.3,24.7,27.8,1.2,12.6,53,0,0,39
436,20-08-2023,32.6,25.1,28.2,6.3,10.7,63,0,0,9
437,21-08-2023,32.1,25.1,28.1,3.4,8,61,0,0,23
438,22-08-2023,32.8,25.5,28.6,7.5,9.6,63,0,0,21
439,23-08-2023,30.9,25,27.5,14.2,13.4,63,0,0,34
440,24-08-2023,29,24.7,26.3,32.8,13,63,0,0,23
441,25-08-2023,31.1,24.9,27.4,7.1,15.3,61,0,0,13
442,26-08-2023,32.2,25.3,28.4,0.6,13.8,51,0,0,29
443,27-08-2023,32.4,25.3,28.7,0.3,13.4,51,0,0,10
444,28-08-2023,32.1,24.9,28.3,0.2,13.1,51,0,0,21
445,29-08-2023,32.6,24.4,28.6,0,10.9,3,0,0,21
446,30-08-2023,33.2,24.5,28.4,0.2,7.5,51,0,0,15
447,31-08-2023,32.2,24.5,28.8,9.4,6.5,63,0,0,14
448,01-09-2023,33.3,25.4,29.1,1.1,9.6,51,0,0,16
449,02-09-2023,33.2,26,28.7,4.4,10.1,61,0,0,24
450,03-09-2023,30,25.1,26.6,38.3,12.5,65,0,0,30
451,04-09-2023,30.8,25,26.5,23.9,7.4,63,0,0,37
452,05-09-2023,30.7,24.6,26.7,21.8,12.9,65,0,0,18
453,06-09-2023,30.8,24.4,27,26.8,15,65,0,0,38
454,07-09-2023,30.7,24.8,26.9,9.2,8.7,63,0,0,9
455,08-09-2023,29.5,24.7,26.8,20.4,14,63,0,0,7
456,09-09-2023,32,25,28.4,0.7,11.4,51,0,0,26
457,10-09-2023,32.4,24.8,28.5,3.2,9.7,61,0,0,10
458,11-09-2023,31.3,24.9,27.7,18.1,14.5,65,0,0,17
459,12-09-2023,30.5,25.3,27,8.1,10,63,0,0,38
460,13-09-2023,29.9,24.5,26.5,15,11.6,63,0,0,38
461,14-09-2023,30.4,24.7,26.3,57.1,14,65,1,0,39
462,15-09-2023,31.2,24.9,27.5,2.3,14.4,53,0,0,25
463,16-09-2023,31.8,24.6,27.9,8.1,8.2,63,0,0,18
464,17-09-2023,30.6,25.1,27.4,4.6,11.4,61,0,0,11
465,18-09-2023,31,24.5,27.3,5.5,9.2,63,0,0,14
466,19-09-2023,31.2,24.1,27.1,15.4,11.2,63,0,0,27
467,20-09-2023,29.9,24.3,26,41.9,10.7,65,0,0,60
468,21-09-2023,27.2,23.8,25.1,32.6,15,63,0,0,37
469,22-09-2023,29.1,24,25.8,31.6,12.2,63,0,0,19
470,23-09-2023,28.8,23.9,26.1,19.4,15,65,0,0,11
471,24-09-2023,29.7,24.2,26.3,8,9.3,63,0,0,10
472,25-09-2023,29.9,23.8,26.3,20.5,6.9,65,0,0,21
473,26-09-2023,30.7,24.2,26.5,7,12.9,63,0,0,26
474,27-09-2023,30.8,24,26.8,16,7.7,63,0,0,22
475,28-09-2023,32.1,24.7,27.9,3,9.1,61,0,0,28
476,29-09-2023,32.1,24,27.9,13,11.2,65,0,0,47
477,30-09-2023,31,23.4,26.8,4.6,10.2,63,0,0,29
478,01-10-2023,28.8,24.7,26.2,24.5,13.1,63,0,0,19
479,02-10-2023,28.5,24.1,25.7,27,13,63,0,0,50
480,03-10-2023,28.8,24,25.7,26.9,10.7,63,0,0,25
481,04-10-2023,30.8,24.7,26.6,10.7,14,63,0,0,21
482,05-10-2023,32,24.7,28.1,0.2,12.8,51,0,0,18
483,06-10-2023,32.2,24.7,28.3,1.4,9.6,51,0,0,35
484,07-10-2023,31.8,24.2,27.8,1.4,9,53,0,0,16
485,08-10-2023,32.9,23.9,27.9,0.1,11,51,0,0,14
486,09-10-2023,33.2,22.6,27.8,0,8.6,3,0,0,16
487,10-10-2023,32.9,23.2,28,0,10.4,3,0,0,16
488,11-10-2023,33.1,23.6,28.1,0,8.3,3,0,0,7
489,12-10-2023,33.1,22,27.3,0,9.4,1,0,0,21
490,13-10-2023,32.8,23.3,27.7,0,11.7,2,0,0,30
491,14-10-2023,32.3,23.1,27.2,0,10.3,3,0,0,16
492,15-10-2023,32.6,21.1,26.6,0,9.3,1,0,0,6
493,16-10-2023,32.3,20.9,26.3,0,10,1,0,0,9
494,17-10-2023,32.4,21,26.8,0,10.7,2,0,0,23
495,18-10-2023,31.6,22.3,26.5,0,6.8,1,0,0,31
496,19-10-2023,31.8,22.2,26.6,0,7.3,3,0,0,7
497,20-10-2023,31,22.2,26.1,0.1,8.4,51,0,0,16
498,21-10-2023,31.1,20.9,25,0,10.2,0,0,0,7
499,22-10-2023,30.7,19.3,23.9,0,9.5,3,0,0,5
500,23-10-2023,30.9,19.8,24.8,0,10,3,0,0,5
501,24-10-2023,30.6,21.6,25.9,0,9.7,3,0,0,4
502,25-10-2023,30.5,20.8,25.7,0,10,3,0,0,2
503,26-10-2023,30.2,19.3,24.4,0,10.8,0,0,0,15
504,27-10-2023,30.2,17.7,23.9,0,10.3,1,0,0,7
505,28-10-2023,30.5,16.8,23.5,0,9.4,0,0,0,14
506,29-10-2023,30.9,17.5,23.8,0,8.2,3,0,0,6
507,30-10-2023,31,18.8,24.3,0,10.9,1,0,0,5
508,31-10-2023,31.1,19.8,24.6,0,10.4,1,0,0,14
509,01-11-2023,32.6,19.3,25.4,0,9.2,3,0,0,8
510,02-11-2023,31.4,21.1,25.8,5.9,8.6,63,0,0,9
511,03-11-2023,30.3,21.5,25,10.1,12.8,65,0,0,14
512,04-11-2023,28.3,21.1,24,3.8,11.8,63,0,0,13
513,05-11-2023,31,20.8,25.2,0.3,8.5,51,0,0,18
514,06-11-2023,31.5,19.5,24.6,0,10.8,3,0,0,13
515,07-11-2023,30.7,16.4,23.5,0,10.5,3,0,0,29
516,08-11-2023,30.1,15.9,22.8,0,9.9,2,0,0,19
517,09-11-2023,30.9,16.2,23.2,0,7.8,1,0,0,19
518,10-11-2023,31.2,17.7,24.3,0,9.2,3,0,0,18
519,11-11-2023,31.4,17.8,24.2,0,7.4,3,0,0,16
520,12-11-2023,31.5,18.9,24.6,0,8.4,3,0,0,4
521,13-11-2023,30.4,19.1,24.6,0,10.5,3,0,0,3
522,14-11-2023,30.1,19.4,24,0,8,3,0,0,12
523,15-11-2023,29.9,17.9,23.3,0,11,3,0,0,11
524,16-11-2023,29.6,18.9,23.9,0,12.1,3,0,0,10
525,17-11-2023,30.6,21,25,0,11.9,3,0,0,14
526,18-11-2023,30.6,20.6,25.1,0.1,11.6,51,0,0,8
527,19-11-2023,30.9,20.5,25.3,0.1,10.7,51,0,0,13
528,20-11-2023,30.3,19.7,24.2,0,9.3,3,0,0,14
529,21-11-2023,29.9,19,23.7,0,8.1,3,0,0,6
530,22-11-2023,29.9,18.3,23.1,0,8.2,0,0,0,4
531,23-11-2023,29.7,16.4,22.5,0,11.2,0,0,0,9
532,24-11-2023,29.5,17.9,23.1,0,9.3,1,0,0,12
533,25-11-2023,29.2,17.7,22.9,0,9.3,2,0,0,10
534,26-11-2023,28.7,17.2,22.3,0,9.1,1,0,0,3
535,27-11-2023,28.6,17.5,22.4,0,10.2,3,0,0,3
536,28-11-2023,29.5,17.4,22.8,0,8,3,0,0,3
537,29-11-2023,29.5,18.2,23.4,0,6.2,3,0,0,5
538,30-11-2023,30.8,18.9,24.8,0,14.1,3,0,0,6
539,01-12-2023,31.5,19.6,25,0,8,3,0,0,10
540,02-12-2023,31.9,19.7,25.1,0,11.2,3,0,0,11
541,03-12-2023,31.9,19.7,25,0,8,3,0,0,18
542,04-12-2023,29.2,20.3,24.7,0,9.8,3,0,0,13
543,05-12-2023,23.4,20.2,21.7,1.6,14,53,0,0,10
544,06-12-2023,21,19.5,20.2,31.4,13.1,63,0,0,31
545,07-12-2023,22.1,19.4,20.4,29.4,11.5,63,0,0,20
546,08-12-2023,24.1,17.7,21.2,0.5,11.2,51,0,0,15
547,09-12-2023,25.3,17.9,21.2,0.4,8.6,51,0,0,7
548,10-12-2023,25.4,15.7,20.1,0,8.7,1,0,0,6
549,11-12-2023,25.3,13.9,18.6,0,8.9,0,0,0,12
550,12-12-2023,24.7,13,18.2,0,8.1,3,0,0,14
551,13-12-2023,25.1,13.5,18.9,0,8.3,3,0,0,10
552,14-12-2023,25.5,13.2,18.4,0,10.2,3,0,0,8
553,15-12-2023,25,12.4,17.6,0,9.7,0,0,0,6
554,16-12-2023,24.9,11.4,17.5,0,9.1,2,0,0,11
555,17-12-2023,24.6,11.7,17.1,0,10.2,1,0,0,2
556,18-12-2023,24.3,12.5,17.5,0,8.8,3,0,0,14
557,19-12-2023,23.5,12.2,16.9,0,9.4,3,0,0,11
558,20-12-2023,23.6,11.9,17.1,0,9.6,3,0,0,7
559,21-12-2023,23.6,10.9,16.6,0,8.7,3,0,0,6
560,22-12-2023,24.7,11.4,17,0,9.1,3,0,0,4
561,23-12-2023,25.5,12.1,17.8,0,9.4,3,0,0,9
562,24-12-2023,25.7,13.1,18.5,0,8.6,3,0,0,9
563,25-12-2023,26.2,13.8,19.1,0,9.4,0,0,0,6
564,26-12-2023,26.1,13.1,18.7,0,8.7,0,0,0,4
565,27-12-2023,26.1,13.2,19.1,0,8.4,0,0,0,15
566,28-12-2023,26.7,13.1,19.3,0,9.4,3,0,0,5
567,29-12-2023,26.9,14.6,20,0,9.4,3,0,0,1
568,30-12-2023,26.4,14,19.6,0,9.1,3,0,0,4
569,31-12-2023,26.4,14.1,19.9,0,9.4,2,0,0,1
570,01-01-2024,26.2,14.3,19.7,0,8.3,0,0,0,5
571,02-01-2024,26.9,13.4,19.3,0,9,0,0,0,6
572,03-01-2024,27.1,14,20,0,9.8,0,0,0,8
573,04-01-2024,27.2,13.8,19.9,0,10.9,0,0,0,10
574,05-01-2024,28.3,14.4,20.8,0,13.4,2,0,0,10
575,06-01-2024,28,15.1,20.5,0,9.8,3,0,0,10
576,07-01-2024,28,15.1,20.8,0,11.3,0,0,0,5
577,08-01-2024,27.8,15.3,20.7,0,8.7,0,0,0,10
578,09-01-2024,27.9,15,20.9,0,8.4,1,0,0,2
579,10-01-2024,28.3,16,22.2,0,9.8,3,0,0,13
580,11-01-2024,28.5,17.6,22.6,0,11.3,0,0,0,9
581,12-01-2024,27.5,16.5,21.4,0,11.3,2,0,0,8
582,13-01-2024,26.5,13.6,19.2,0,9.4,0,0,0,6
583,14-01-2024,26.5,11.5,18.9,0,11.3,0,0,0,4
584,15-01-2024,26.9,14.2,19.7,0,9.8,1,0,0,5
585,16-01-2024,27.6,13.9,19.9,0,8.2,2,0,0,7
586,17-01-2024,29.1,18.6,23.2,0,12.6,3,0,0,4
587,18-01-2024,26.9,18.3,21.7,0.9,13.8,51,0,0,13
588,19-01-2024,24.4,17.1,20.3,1,8.9,53,0,0,27
589,20-01-2024,26.4,16.8,21.1,1.5,9.1,61,0,0,13
590,21-01-2024,25,16.9,20.6,0.1,7.9,51,0,0,9
591,22-01-2024,26.5,16.8,20.9,0.2,8.9,51,0,0,15
592,23-01-2024,22.7,16.7,19.7,1.6,9.5,51,0,0,14
593,24-01-2024,23.1,15.6,19,2.3,9.2,53,0,0,7
594,25-01-2024,24.7,12.9,18.5,0.4,9.7,51,0,0,5
595,26-01-2024,25,10.2,17.1,0,10.5,3,0,0,7
596,27-01-2024,25,10.7,17.2,0,9.4,3,0,0,3
597,28-01-2024,26.6,10.8,18.3,0,9.9,3,0,0,18
598,29-01-2024,27.9,12.4,19.5,0,9.7,3,0,0,15
599,30-01-2024,28.9,13.7,20.8,0,9.7,3,0,0,6
600,31-01-2024,28.9,15.8,21.8,0,12.6,3,0,0,12
601,01-02-2024,29.5,16.8,23,0,12.6,2,0,0,22
602,02-02-2024,27.1,18.2,22.1,0,9.4,3,0,0,1
603,03-02-2024,28.4,15.4,21.7,0,10.6,0,0,0,6
604,04-02-2024,29.1,13.1,20.7,0,8.9,0,0,0,10
605,05-02-2024,30.9,15.8,22.9,0,8.9,0,0,0,12
606,06-02-2024,32.7,18.7,25.1,0,17.9,1,0,0,5
607,07-02-2024,29.8,19.6,24.2,0,11.8,0,0,0,4
608,08-02-2024,27.7,17.8,22.2,0,13.8,3,0,0,10
609,09-02-2024,27.9,14.6,20.3,0,9.2,3,0,0,12
610,10-02-2024,28.9,14.8,21.4,0,9.7,0,0,0,11
611,11-02-2024,31.1,16.1,23.7,0,13,3,0,0,22
612,12-02-2024,30.6,18.5,24.3,0,11.1,3,0,0,19
613,13-02-2024,32.5,18.4,25.2,0,15.8,3,0,0,8
614,14-02-2024,32,18.6,24.8,0,14.6,3,0,0,6
615,15-02-2024,30.3,17.6,23.4,0,14.5,3,0,0,19
616,16-02-2024,32.1,17,23.9,0,11.1,1,0,0,2
617,17-02-2024,31,17.5,24.3,0,14.5,1,0,0,9
618,18-02-2024,32.4,17.8,24.9,0,11,1,0,0,12
619,19-02-2024,34.2,18.3,26,0,12.8,3,0,0,15
620,20-02-2024,34.6,20.2,26.3,0,15.3,3,0,0,16
621,21-02-2024,34.1,18,25.5,0,17.7,3,0,0,27
622,22-02-2024,33.2,19.7,26.2,0,18.8,3,0,0,3
623,23-02-2024,30.5,20.2,24.6,0,13.1,2,0,0,9
624,24-02-2024,30.1,19.4,24.4,0.4,16,51,0,0,12
625,25-02-2024,27.7,19.9,23.3,6.8,16.3,63,0,0,27
626,26-02-2024,31.5,19.9,25.1,0.3,9.9,51,0,0,21
627,27-02-2024,32.8,20,25.4,6.9,28.7,63,0,0,17
628,28-02-2024,30.1,18.8,24,0,9.8,3,0,0,11
629,29-02-2024,31.5,17.9,24.1,0,12.9,0,0,0,11
630,01-03-2024,33.3,16.1,24.6,0,10.2,0,0,0,11
631,02-03-2024,33.6,18.9,26,0,9.8,3,0,0,12
632,03-03-2024,33.8,20.1,26.8,0,16.3,3,0,0,11
633,04-03-2024,32.2,21,26.2,0,12,3,0,0,11
634,05-03-2024,33.4,20.9,26.5,0,14.6,3,0,0,10
635,06-03-2024,35.2,19.9,27.4,0,13.7,2,0,0,19
636,07-03-2024,32.8,21.9,26.6,3.6,16.1,63,0,0,4
637,08-03-2024,33.1,21.8,26.6,0,12.7,0,0,0,6
638,09-03-2024,33.6,19,26.3,0,14.9,0,0,0,14
639,10-03-2024,33.6,19.3,26.5,0,12.9,0,0,0,9
640,11-03-2024,36,21.3,28.7,0,9.9,1,0,0,20
641,12-03-2024,36.7,23.2,29.5,0,14.3,1,0,0,17
642,13-03-2024,38.2,21.9,29.6,0,15.8,3,0,0,13
643,14-03-2024,36.4,22.3,28.7,0,13.5,0,0,0,24
644,15-03-2024,37,19.9,28.5,0,13.7,3,0,0,14
645,16-03-2024,36.5,22.5,28.6,1,12,55,0,0,29
646,17-03-2024,34.2,22.9,28,0.7,13.4,53,0,0,19
647,18-03-2024,31.3,22,25.8,3,15.5,61,0,0,32
648,19-03-2024,30.5,20.6,24.1,22.5,17.4,63,0,0,44
649,20-03-2024,28.2,17.4,22.2,8.4,15.1,63,0,0,15
650,21-03-2024,30.3,16.7,22.8,0,14,3,0,0,23
651,22-03-2024,31.4,18.8,24.9,0,10,3,0,0,30
652,23-03-2024,35,19,26,0,11.2,1,0,0,19
653,24-03-2024,35.4,19.2,27.1,0,16.6,3,0,0,38
654,25-03-2024,33.9,19.6,26.5,0,18.9,3,0,0,29
655,26-03-2024,34,19.5,26.8,0,10.6,2,0,0,13
656,27-03-2024,35.8,20.6,28.3,0,9.7,1,0,0,25
657,28-03-2024,37.9,22.3,29.4,0,11.4,3,0,0,20
658,29-03-2024,38.6,22,29.8,0,15.1,2,0,0,15
659,30-03-2024,36.8,22.9,29.8,0.6,21.9,53,0,0,29
660,31-03-2024,35.8,21.1,29,0,15.7,3,0,0,33
661,01-04-2024,38.7,23.8,30.6,0,11.8,3,0,0,24
662,02-04-2024,37.7,21.7,30.2,0,11.8,0,0,0,35
663,03-04-2024,38.4,22.1,30.3,0,11.3,3,0,0,33
664,04-04-2024,40.4,23.7,32,0,13.5,3,0,0,38
665,05-04-2024,39.8,23.5,31.5,0,13.3,3,0,0,28
666,06-04-2024,39.8,24.6,31.7,0,11.3,1,0,0,27
667,07-04-2024,39.3,24.5,31,0,19.3,2,0,0,33
668,08-04-2024,27.6,20.7,23.7,10.9,13.6,63,0,0,23
669,09-04-2024,32.4,20.6,26.1,2.7,10.9,55,0,0,22
670,10-04-2024,35,21.5,27.8,0,11.6,3,0,0,47
671,11-04-2024,27,20.9,23.7,14.8,18,65,0,0,37
672,12-04-2024,28.3,19.4,24.5,1.4,14.7,61,0,0,22
673,13-04-2024,34.1,19.5,26.6,0,19.4,2,0,0,15
674,14-04-2024,35.3,23.4,28.8,0,9.5,3,0,0,27
675,15-04-2024,37.6,22.7,30.8,0,11.5,3,0,0,22
676,16-04-2024,38.1,26.1,31.5,0,10.9,0,0,0,40
677,17-04-2024,39.2,23.4,31.4,0,16.9,0,0,0,28
678,18-04-2024,40.1,23.1,31.6,0,13.9,1,0,0,26
679,19-04-2024,40.6,24.2,31.9,0,10.8,3,0,0,32
680,20-04-2024,41,22.9,33.4,0,14.4,1,0,0,45
681,21-04-2024,40.8,26.9,34.1,0,17.3,3,0,0,28
682,22-04-2024,35.7,25.7,29.9,0.7,28.5,51,0,0,24
683,23-04-2024,37.3,24.4,30.6,0,16.3,3,0,0,23
684,24-04-2024,39.6,23.7,31.6,0,12.9,3,0,0,24
685,25-04-2024,39.9,24.2,32.4,0,11.6,1,0,0,27
686,26-04-2024,40.6,24.3,33.3,0,10.4,1,0,0,48
687,27-04-2024,41.2,25.5,33.8,0,12.5,3,0,0,24
688,28-04-2024,40.3,26.2,33,0,17.1,2,0,0,27
689,29-04-2024,40.8,26.2,33.8,0,14.4,2,0,0,21
690,30-04-2024,41.9,27.6,34.7,0,17.9,1,0,0,51
691,01-05-2024,42.1,29.4,35.4,0,20.9,1,0,0,27
692,02-05-2024,41.1,25,33.3,0,12.3,0,0,0,19
693,03-05-2024,40.6,22.3,31.7,0,16.1,0,0,0,14
694,04-05-2024,40.6,22.8,31.8,0,12,3,0,0,8
695,05-05-2024,42.5,25,33.7,0,14,3,0,0,24
696,06-05-2024,39.7,28.4,34,0,20,3,0,0,31
697,07-05-2024,38.2,27.2,32.3,0,17.6,3,0,0,33
698,08-05-2024,37.6,26.6,31.5,0,16.4,3,0,0,36
699,09-05-2024,38.5,25.4,31.5,0.4,21.9,51,0,0,48
700,10-05-2024,39.6,25.9,32,0,17.8,3,0,0,24
701,11-05-2024,40.4,27,33.5,0.2,19.6,51,0,0,35
702,12-05-2024,39.1,26.3,32.7,0,14.8,3,0,0,37
703,13-05-2024,37.3,27.3,31,0,16.9,3,0,0,30
704,14-05-2024,39.6,26.9,32.7,0,18.4,3,0,0,28
705,15-05-2024,38.6,27.1,32.2,0,9.7,3,0,0,18
706,16-05-2024,38.3,27.6,33.1,0,14,3,0,0,35
707,17-05-2024,35.9,27.6,31.6,0.3,16.5,51,0,0,25
708,18-05-2024,33.1,26.6,29.8,1.7,16.3,53,0,0,14
709,19-05-2024,37,26.1,31.8,0.1,12.9,51,0,0,19
710,20-05-2024,40,26.8,33.6,0,20.1,1,0,0,66
711,21-05-2024,40,27.7,33.4,0,21.3,3,0,0,47
712,22-05-2024,40.5,28.5,33.5,0,20,3,0,0,36
713,23-05-2024,40.1,27,33.6,0.1,17.5,51,0,0,41
714,24-05-2024,39.6,27.6,33.4,0,18.9,3,0,0,24
715,25-05-2024,40.3,27.7,34,0,13.7,3,0,0,51
716,26-05-2024,39.5,29.2,34.2,1.9,12.6,61,0,0,53
717,27-05-2024,41.3,28.7,35.2,0,12.8,3,0,0,69
718,28-05-2024,45.1,30.2,37.2,0,16.6,3,0,0,101
719,29-05-2024,45.2,32.7,38.2,0,26.1,3,0,0,145
720,30-05-2024,45,32,38.3,0,18.1,3,0,0,78
721,31-05-2024,44,31.5,36.8,0,18.6,3,0,0,149
722,01-06-2024,44.1,30.2,36.2,0,18.6,3,0,0,181
723,02-06-2024,40.7,30,33.4,0.9,15.3,53,0,0,94
724,03-06-2024,39.5,27.2,33,0,14.7,3,0,0,62
725,04-06-2024,37.4,28.3,33,0.4,14.9,51,0,0,34
726,05-06-2024,39.2,28.8,33.2,0,11.1,3,0,0,26
727,06-06-2024,40.6,28.6,32.1,9.1,21.8,65,0,0,39
728,07-06-2024,40.1,26.6,33.3,0.1,16.2,51,0,0,43
729,08-06-2024,39.7,28,33.3,1.7,14.1,55,0,0,56
730,09-06-2024,39.5,27.9,33.6,0,13,3,0,0,45
731,10-06-2024,40.3,29.7,34.6,0.4,13.7,51,0,0,63
732,11-06-2024,40.8,29.8,34.6,0.2,11.8,51,0,0,48
733,12-06-2024,40.8,31,35.1,0,13.5,3,0,0,46
734,13-06-2024,40.9,29.9,34.4,1.4,19.7,55,0,0,87
735,14-06-2024,40,31.7,35.1,0,17.7,3,0,0,57
736,15-06-2024,40.3,27.7,33.9,2.2,25.8,61,0,0,97
737,16-06-2024,36.7,27.5,31.4,0,12,3,0,0,28
738,17-06-2024,36.7,28.5,32.6,0.9,21.5,53,0,0,57
739,18-06-2024,38.3,28.8,32.8,0.7,16.3,53,0,0,32
740,19-06-2024,37,26.5,31.9,7.7,12.2,63,0,0,59
741,20-06-2024,34.3,26.4,29.9,11,15.6,63,0,0,43
742,21-06-2024,31.7,25.8,28.1,19.6,11.5,63,0,0,39
743,22-06-2024,33.3,24.9,28.3,10.5,9.1,63,0,0,39
744,23-06-2024,33.4,25.4,29.5,1.3,12.7,51,0,0,35
745,24-06-2024,34.6,25.4,30.2,22.4,11.5,65,0,0,41
746,25-06-2024,34.1,26.6,30.4,4.8,10.2,63,0,0,74
747,26-06-2024,33.6,27,29.8,5.2,11.6,61,0,0,51
748,27-06-2024,34.5,26,29.3,2.9,13.1,61,0,0,48
749,28-06-2024,33.6,25.5,29,11.9,11.5,63,0,0,71
750,29-06-2024,31.7,25.9,27.7,37,19.3,63,0,0,31
751,30-06-2024,29.2,25.1,26.9,26.9,16.8,63,0,0,20
752,01-07-2024,28.7,25,26.4,28,16.5,63,0,0,14
753,02-07-2024,31.5,25.1,27.5,14,21.8,63,0,0,36
754,03-07-2024,26.5,25.3,25.9,51.7,15.6,63,1,0,44
755,04-07-2024,31.5,24.7,27,26.5,16.9,63,0,0,28
756,05-07-2024,30.7,25.8,27.6,3.2,15.1,61,0,0,39
757,06-07-2024,31.7,25.8,28.2,2.3,13.4,55,0,0,33
758,07-07-2024,32.7,25.2,28.5,11.1,9.2,63,0,0,46
759,08-07-2024,31.6,25.1,28.1,1.9,15.6,53,0,0,27
760,09-07-2024,32.9,25.1,28.5,2.1,13.4,55,0,0,19
761,10-07-2024,32.2,25.8,28.9,0.6,12.7,51,0,0,25
762,11-07-2024,31.3,25.9,28.1,16.2,16.3,63,0,0,29
763,12-07-2024,29.7,25.6,27.3,3,13,55,0,0,46
764,13-07-2024,30.1,24.6,27.3,24.1,13.1,63,0,0,31
765,14-07-2024,32,25.3,28,14.3,7.8,65,0,0,28
766,15-07-2024,32.7,25.6,28.1,11.9,17.9,63,0,0,37
767,16-07-2024,33.1,26,29.1,1.6,14.2,51,0,0,35
768,17-07-2024,34.1,25.8,29.6,1.2,9.7,51,0,0,29
769,18-07-2024,33.6,26.1,29.1,10.3,12,65,0,0,38
770,19-07-2024,32.9,26.3,28.8,22.7,19.1,65,0,0,49
771,20-07-2024,32.4,26.1,28.6,9.1,18,63,0,0,39
772,21-07-2024,31.2,25.5,27.9,1.6,13.7,51,0,0,28
773,22-07-2024,29.8,25.7,27.2,4,15.3,55,0,0,34
774,23-07-2024,29.2,25.1,26.5,18.3,20,63,0,0,46
775,24-07-2024,29.7,25.1,26.6,25.3,20,65,0,0,34
776,25-07-2024,30.8,24.8,27,14.8,21.1,65,0,0,39
777,26-07-2024,30.9,25.1,27.3,22.8,15.9,65,0,0,26
778,27-07-2024,30.7,25.4,27.2,47.6,15.7,65,0,0,29
779,28-07-2024,30.4,25.1,27.1,5,12.2,61,0,0,33
780,29-07-2024,31.3,25.1,28,3,11.1,61,0,0,38
781,30-07-2024,31.2,25.6,27.6,15.6,13.5,63,0,0,48
782,31-07-2024,30.2,25,27,28,14.3,63,0,0,21
783,01-08-2024,27.6,25.4,26.1,27.5,17.2,63,0,0,28
784,02-08-2024,26.1,24.7,25.4,34.4,21,63,0,0,19
785,03-08-2024,28,24.8,25.9,15.9,22.5,61,0,0,34
786,04-08-2024,31.3,24.8,27.5,1.3,18.4,51,0,0,27
787,05-08-2024,28.7,25.1,26.8,7.8,11.9,55,0,0,55
788,06-08-2024,28.9,24.6,26.3,60.6,11.5,65,1,0,58
789,07-08-2024,27.8,24.8,25.8,21.3,12.6,63,0,0,20
790,08-08-2024,28.7,24.3,25.7,28.1,15.4,65,0,0,9
791,09-08-2024,28,24.7,26.1,19.5,13.2,63,0,0,36
792,10-08-2024,30.2,24.6,26.8,19.5,11.5,63,0,0,23
793,11-08-2024,31.5,25,27.8,0.5,14.6,51,0,0,31
794,12-08-2024,31.8,24.3,27.8,5.4,11.6,63,0,0,42
795,13-08-2024,30.9,25.1,27.8,40.5,10.8,65,0,0,18
796,14-08-2024,31,25.2,27.3,21.4,11.4,63,0,0,29
797,15-08-2024,27.6,25.1,26.1,68.9,10.5,65,1,0,19
798,16-08-2024,29,25.1,26.2,47.4,13.9,65,0,0,26
799,17-08-2024,31.1,25,26.8,17.2,9.4,65,0,0,28
800,18-08-2024,30.3,24,26.6,13.9,13.4,65,0,0,21
801,19-08-2024,30.9,24.1,27,38.4,7.9,65,0,0,36
802,20-08-2024,29.9,24.7,26.3,40.5,12.8,65,0,0,30
803,21-08-2024,29.4,24.6,26.7,19,13.1,63,0,0,36
804,22-08-2024,28.1,24.9,26.1,46.4,12.4,63,0,0,33
805,23-08-2024,28.4,24.7,26,35.6,14.3,63,0,0,30
806,24-08-2024,28.4,24.4,25.7,32.2,16.1,65,0,0,32
807,25-08-2024,27.9,24.4,25.7,8,12.5,63,0,0,41
808,26-08-2024,26.8,24.4,25.4,25.9,11.2,65,0,0,30
809,27-08-2024,30,24.3,26.5,6.9,11.4,61,0,0,31
810,28-08-2024,29.8,23.7,26.8,1.7,10.9,53,0,0,39
811,29-08-2024,30.3,24.5,26.6,7.9,8.5,61,0,0,44
812,30-08-2024,33,24,28.2,0.9,12.3,51,0,0,40
813,31-08-2024,32.2,25.4,28.8,1,16.8,51,0,0,19
814,01-09-2024,31.7,26.1,28.3,0.7,20.9,51,0,0,18
815,02-09-2024,30.5,25.5,27.8,3.5,16.6,63,0,0,46
816,03-09-2024,32,24.3,28.1,1.7,12.2,55,0,0,30
817,04-09-2024,32.8,24.5,28.6,0.4,10.4,51,0,0,25
818,05-09-2024,31.3,24.7,27.2,17.2,12.4,65,0,0,25
819,06-09-2024,30.7,24.1,27.4,11.6,11.3,63,0,0,73
820,07-09-2024,31.4,25.1,27.5,13.6,9.1,63,0,0,129
821,08-09-2024,32,24.6,27.4,35.1,16.2,65,0,0,92
822,09-09-2024,31.3,25.2,27.3,45.2,19.2,65,0,0,53
823,10-09-2024,32.5,25.7,28.1,2.3,17.7,51,0,0,36
824,11-09-2024,31.7,25.2,28.1,1.3,15.3,51,0,0,16
825,12-09-2024,30.9,25,27.8,0.6,13.4,51,0,0,33
826,13-09-2024,30.8,25.6,27.6,7.3,12.1,61,0,0,35
827,14-09-2024,29.9,24.4,26.8,10.5,15.8,63,0,0,34
828,15-09-2024,28.9,24.4,27.2,1.4,19.5,53,0,0,30
829,16-09-2024,29.1,24.8,26.2,24.5,23.5,63,0,0,21
830,17-09-2024,30,24.5,26.5,4.1,15.5,55,0,0,35
831,18-09-2024,29,23.6,26.1,3.7,11.2,55,0,0,34
832,19-09-2024,31.1,23.8,27.5,0.9,8.2,51,0,0,36
833,20-09-2024,31.7,24.2,27.9,5.1,13.7,61,0,0,32
834,21-09-2024,33.3,25,28.6,4.5,9.2,61,0,0,61
835,22-09-2024,32,24.4,27.5,11.6,6.7,63,0,0,76
836,23-09-2024,32.8,25,27.8,14.9,10.7,63,0,0,111
837,24-09-2024,30.9,24.8,27,31.9,14.1,65,0,0,59
838,25-09-2024,29,25,26.4,21.6,7.9,63,0,0,64
839,26-09-2024,30.8,25,26.9,13,14.2,63,0,0,32
840,27-09-2024,31.3,25,27.2,21.6,13.6,65,0,0,16
841,28-09-2024,32.2,24.3,28,0.3,12.8,51,0,0,37
842,29-09-2024,31.9,24.3,27.7,4.7,9.7,63,0,0,33
843,30-09-2024,32.7,24.9,28.3,2.5,13.7,61,0,0,46
844,01-10-2024,32.8,25.4,29,0.5,10.7,51,0,0,22
845,02-10-2024,32.7,25.9,28.9,1,13.9,51,0,0,26
846,03-10-2024,33.8,24.8,28.5,0.9,14.7,51,0,0,20
847,04-10-2024,33.2,24,28.7,0.1,12.5,51,0,0,33
848,05-10-2024,33,23.6,28.5,0,8.8,3,0,0,16
849,06-10-2024,32.6,24,27.9,0,11.6,3,0,0,29
850,07-10-2024,31.1,24.7,27.2,5.3,11.9,63,0,0,43
851,08-10-2024,30.8,24.2,26.7,16.4,6.1,65,0,0,31
852,09-10-2024,31.7,24,27.1,3.4,8.1,61,0,0,26
853,10-10-2024,32.3,24,27.7,0.6,11,51,0,0,17
854,11-10-2024,32.4,23.5,28,0,7.6,2,0,0,17
855,12-10-2024,32.5,24.3,28.3,0.2,6.5,51,0,0,10
856,13-10-2024,32.5,24.1,27.9,0.7,12.3,53,0,0,14
857,14-10-2024,32.8,23.9,27.3,9.2,16.2,63,0,0,18
858,15-10-2024,32.4,23.6,27.8,0.2,10.3,51,0,0,18
859,16-10-2024,32.8,24.5,28.4,0.3,8.2,51,0,0,20
860,17-10-2024,33.4,24.1,28.6,0,11.2,3,0,0,13
861,18-10-2024,33.1,24.2,28.5,0.5,7.6,51,0,0,31
862,19-10-2024,32.3,24.9,27.6,0.3,16.4,51,0,0,28
863,20-10-2024,32.2,23.6,27.7,0.1,9.2,51,0,0,20
864,21-10-2024,32.6,23.2,27.5,0,10,3,0,0,25
865,22-10-2024,32.6,22.5,26.8,0,11.6,3,0,0,29
866,23-10-2024,32.5,21.9,26.6,0,13.2,3,0,0,47
867,24-10-2024,31.6,23.7,27.1,0.2,20.3,51,0,0,26
868,25-10-2024,31.1,24.1,27.3,1.6,25.7,55,0,0,18
869,26-10-2024,27.8,24.2,25.7,3,16.9,53,0,0,41
870,27-10-2024,30.2,23.8,26.2,0.9,8.4,51,0,0,20
871,28-10-2024,31,22.5,26.1,1.7,13.2,51,0,0,22
872,29-10-2024,30.1,22.9,26.4,0,7.1,3,0,0,17
873,30-10-2024,31,23.5,26.7,0.9,6.5,53,0,0,17
874,31-10-2024,31.5,23.5,27.1,0,8.4,2,0,0,6
875,01-11-2024,33.2,21.9,26.8,0,9.1,1,0,0,21
876,02-11-2024,32.4,20,25.5,0,8.6,3,0,0,7
877,03-11-2024,31.7,21.1,25.9,0,8.1,3,0,0,26
878,04-11-2024,30.8,19.1,24.5,0,7.9,0,0,0,33
879,05-11-2024,31.1,20.2,25.3,0,9.1,2,0,0,18
880,06-11-2024,30.9,19.9,25.2,0,7.7,0,0,0,31
881,07-11-2024,30.6,20.6,25.3,0,7.2,3,0,0,19
882,08-11-2024,30.3,21.4,25.5,0.1,6.8,51,0,0,15
883,09-11-2024,30.9,20.5,25.4,0,6.6,3,0,0,37
884,10-11-2024,30.1,21.3,25.4,0.7,9.2,51,0,0,32
885,11-11-2024,30.9,20,24.8,0,8.7,3,0,0,20
886,12-11-2024,30.7,19.1,24.4,0,9.9,3,0,0,24
887,13-11-2024,30.7,18.9,24.3,0,6.9,3,0,0,13
888,14-11-2024,30.2,19,23.6,0,8.6,3,0,0,13
889,15-11-2024,29.5,17.8,22.7,0,7.6,3,0,0,30
890,16-11-2024,28.6,16.1,21.7,0,7.1,3,0,0,24
891,17-11-2024,28.7,16.1,21.6,0,6.5,2,0,0,20
892,18-11-2024,28.7,16,21.4,0,9.4,0,0,0,25
893,19-11-2024,28.2,15.8,21,0,7.6,0,0,0,13
894,20-11-2024,27.1,15.1,20.8,0,8.3,0,0,0,26
895,21-11-2024,27.5,15.1,20.7,0,5.9,0,0,0,17
896,22-11-2024,27.1,15.2,20.5,0,6,0,0,0,23
897,23-11-2024,26.7,15.3,20.3,0,6,1,0,0,4
898,24-11-2024,26.4,15.1,20,0,5.9,3,0,0,19
899,25-11-2024,26.9,14.5,19.8,0,7.5,3,0,0,31
900,26-11-2024,27.1,14.5,19.9,0,7.8,3,0,0,12
901,27-11-2024,26.9,14.5,19.5,0,10,3,0,0,22
902,28-11-2024,26.9,14.7,20.1,0,13.4,3,0,0,31
903,29-11-2024,28.5,16.6,22,0,12.6,3,0,0,32
904,30-11-2024,26.1,19.5,21.8,0.4,14.7,51,0,0,38
905,01-12-2024,25.2,18.5,21.4,7.7,9.6,63,0,0,15
906,02-12-2024,26,19.3,22,2.5,12,61,0,0,21
907,03-12-2024,27.8,20.3,23.6,0.1,8.7,51,0,0,13
908,04-12-2024,29.6,20.2,24.1,0,5.9,3,0,0,25
909,05-12-2024,29.6,19.3,23.9,0,6.4,3,0,0,18
910,06-12-2024,28.8,18.1,22.4,0,8.4,1,0,0,29
911,07-12-2024,28.5,17.2,22.4,0,8,3,0,0,27
912,08-12-2024,26.9,19.1,22.6,1.7,9.3,53,0,0,18
913,09-12-2024,26.3,20.2,22.3,2.3,12.5,55,0,0,13
914,10-12-2024,27.1,17.2,21.5,0,10.3,3,0,0,71
915,11-12-2024,25.9,14.4,19.2,0,6.8,3,0,0,41
916,12-12-2024,25.3,13,18.7,0,6.9,3,0,0,31
917,13-12-2024,25.9,13.3,18.7,0,9,3,0,0,23
918,14-12-2024,25.5,13,18.1,0,8.3,3,0,0,14
919,15-12-2024,25.1,11.7,17.4,0,7.7,0,0,0,36
920,16-12-2024,25.1,11.3,17.1,0,7.7,0,0,0,25
921,17-12-2024,25.7,11.1,17.4,0,7,3,0,0,11
922,18-12-2024,26.6,11.8,18,0,7.9,3,0,0,39
923,19-12-2024,28.1,14.5,20.7,0,9.6,3,0,0,31
924,20-12-2024,26.4,17.8,21.6,1.2,10.7,53,0,0,17
925,21-12-2024,26.8,16.8,21,0.3,12.7,51,0,0,8
926,22-12-2024,26.7,16.1,20.4,0,7.8,3,0,0,18
927,23-12-2024,27.4,15.7,20.9,0,7.1,3,0,0,27
928,24-12-2024,25.7,16.7,20.9,0,11.2,3,0,0,25
929,25-12-2024,24.6,17.6,20.7,0.2,6.2,51,0,0,31
930,26-12-2024,28.5,17.9,22.7,0,7.5,3,0,0,25
931,27-12-2024,29.3,18.3,22.9,0,9,3,0,0,15
932,28-12-2024,28.8,16.9,22.5,0,11.6,3,0,0,11
933,29-12-2024,27.5,18.5,22.8,0.4,10.5,51,0,0,5
934,30-12-2024,27.3,17.7,22,0,11.1,0,0,0,18
935,31-12-2024,26.2,15.4,20.2,0,9.4,3,0,0,4
936,01-01-2025,24.5,13.1,18,0,8.5,3,0,0,3
937,02-01-2025,25.1,11.8,17.9,0,7.3,3,0,0,15
938,03-01-2025,24.6,11.8,17.4,0,7.4,3,0,0,29
939,04-01-2025,25.5,12.3,18.2,0,6.2,3,0,0,13
940,05-01-2025,26.4,12.9,18.9,0,5.6,1,0,0,16
941,06-01-2025,25.8,13.4,19.3,0,7.6,0,0,0,17
942,07-01-2025,26.8,13.9,19.9,0,11.6,0,0,0,6
943,08-01-2025,23.9,12.9,17.9,0,10.2,0,0,0,12
944,09-01-2025,24.6,10.5,16.8,0,8.2,0,0,0,19
945,10-01-2025,25.7,10.7,17.6,0,7,3,0,0,25
946,11-01-2025,26.5,12.7,18.8,0,8.7,3,0,0,25
947,12-01-2025,26.7,13.2,19.5,0,8,3,0,0,16
948,13-01-2025,27.2,15,20.8,0,7.8,1,0,0,26
949,14-01-2025,27.7,15.4,20.4,0,8.3,2,0,0,13
950,15-01-2025,26.5,14.6,19.7,0,10,3,0,0,21
951,16-01-2025,26.3,13.1,19.2,0,7.1,3,0,0,16
952,17-01-2025,26.3,13.6,18.8,0,10.2,0,0,0,10
953,18-01-2025,26.5,12.7,18.9,0,8.1,0,0,0,8
954,19-01-2025,26.5,12.6,18.6,0,8.2,0,0,0,21
955,20-01-2025,26.4,11.4,18.6,0,7.7,0,0,0,11
956,21-01-2025,27.3,12.3,19.1,0,6.7,2,0,0,5
957,22-01-2025,28.7,13.5,20.1,0,6.8,0,0,0,10
958,23-01-2025,29.5,14.1,20.9,0,7,2,0,0,9
959,24-01-2025,29.8,15.2,21.8,0,6.7,0,0,0,26
960,25-01-2025,29,15.8,21.7,0,9.9,1,0,0,23
961,26-01-2025,27.6,15.8,20.5,0,11.4,2,0,0,11
962,27-01-2025,27,12.2,19.2,0,9.1,1,0,0,14
963,28-01-2025,28,12.5,19.5,0,8.3,1,0,0,9
964,29-01-2025,28.5,13.9,20.6,0,8.4,3,0,0,12
965,30-01-2025,30.3,16.6,22.8,0,8.7,3,0,0,28
966,31-01-2025,31.4,18.3,24.5,0,10.3,1,0,0,44
967,01-02-2025,32.1,19,24.5,0,8,3,0,0,22
968,02-02-2025,31.4,18.7,24.6,0,6.8,3,0,0,26
969,03-02-2025,32,18.8,24.8,0,9.4,0,0,0,13
970,04-02-2025,31.8,19.4,24.9,0,8,3,0,0,40
971,05-02-2025,32.3,18.6,25,0,9.1,3,0,0,27
972,06-02-2025,31.6,19.7,25,0,10.8,0,0,0,14
973,07-02-2025,29,17.2,23,0,9.7,0,0,0,18
974,08-02-2025,28.4,16.1,21.5,0,8.2,0,0,0,24
975,09-02-2025,29,14,20.6,0,8.6,1,0,0,23
976,10-02-2025,30.7,14.3,22.1,0,7.2,0,0,0,17
977,11-02-2025,31.2,15.7,23.7,0,7.9,0,0,0,24
978,12-02-2025,32.9,17.7,24.8,0,12.7,0,0,0,19
979,13-02-2025,30.8,16.8,23.2,0,10.6,0,0,0,8
980,14-02-2025,28.5,15.1,21.2,0,8.7,0,0,0,14
981,15-02-2025,29.3,13.7,21.8,0,10,0,0,0,7
982,16-02-2025,31.9,15.2,22.8,0,10.8,0,0,0,37
983,17-02-2025,32.4,16.8,24.1,0,8.2,0,0,0,19
984,18-02-2025,31.5,16.9,23.8,0,9.1,0,0,0,41
985,19-02-2025,31.4,18.1,24.7,0,15.8,1,0,0,24
986,20-02-2025,31.1,20.4,25.3,0,13.9,2,0,0,9
987,21-02-2025,31.8,19.5,25.1,0,12.1,1,0,0,41
988,22-02-2025,31.9,19.5,25.2,0.1,12.5,51,0,0,22
989,23-02-2025,31.1,18.7,24.3,0,13.1,0,0,0,35
990,24-02-2025,30.9,17.9,23.7,0,11.7,0,0,0,23
991,25-02-2025,31,16.6,23.4,0,9.3,0,0,0,27
992,26-02-2025,31.4,17,23.6,0,10.2,0,0,0,14
993,27-02-2025,31.5,17.3,24.1,0,6.2,1,0,0,38
994,28-02-2025,33,17.9,24.9,0,10.7,3,0,0,26
995,01-03-2025,34.3,19.2,26.3,0,9.9,3,0,0,11
996,02-03-2025,34.3,18.8,26.7,0,8.9,3,0,0,8
997,03-03-2025,33.9,20.1,26.7,0,13.3,3,0,0,10
998,04-03-2025,34,18.6,26.3,0,13.5,2,0,0,15
999,05-03-2025,31.8,20.2,25.5,0,16.3,1,0,0,43
1000,06-03-2025,29.8,15.3,22.9,0,10.9,0,0,0,19
1001,07-03-2025,30.4,15.1,22.7,0,9.6,0,0,0,23
1002,08-03-2025,32.2,15,23.7,0,9.5,0,0,0,25
1003,09-03-2025,34.3,17.1,25.3,0,13.7,0,0,0,14
1004,10-03-2025,34,18.9,26.4,0,13.2,0,0,0,17
1005,11-03-2025,33.7,19,26.4,0,8.2,0,0,0,13
1006,12-03-2025,35.4,19.1,26.8,0,10.5,0,0,0,22
1007,13-03-2025,37.8,20,28.4,0,11.8,2,0,0,31
1008,14-03-2025,38.1,20.2,28.8,0,11.3,0,0,0,19
1009,15-03-2025,37.5,19.9,29,0,8.7,0,0,0,7
1010,16-03-2025,38.3,21.9,30.1,0,12.9,1,0,0,28
1011,17-03-2025,37.8,24,30.3,0,22.1,3,0,0,22
1012,18-03-2025,35.7,23.8,29.4,0,15.9,3,0,0,53
1013,19-03-2025,38.1,21.8,29.6,0,15,1,0,0,27
1014,20-03-2025,37.1,24.4,30.5,0,27.2,1,0,0,60
1015,21-03-2025,35.7,23,27.9,0,24.3,3,0,0,70
1016,22-03-2025,31.3,21,25.2,16.8,18.9,65,0,0,58
1017,23-03-2025,31.8,20.6,25.4,0.5,18.9,53,0,0,57
1018,24-03-2025,32.3,20,25.9,0,8.7,1,0,0,26
1019,25-03-2025,33.4,18.3,26.2,0,6.3,0,0,0,17
1020,26-03-2025,35.5,18.7,26.9,0,11.7,0,0,0,25
1021,27-03-2025,37,19.1,27.9,0,10.6,0,0,0,16
1022,28-03-2025,37.9,20.4,29,0,9.7,0,0,0,21
1023,29-03-2025,38.3,21.5,29.6,0,12.1,2,0,0,30
1024,30-03-2025,38.1,21.8,29.8,0,9.5,0,0,0,22
1025,31-03-2025,38.4,20.8,29.8,0,10.9,0,0,0,14
1026,01-04-2025,38.3,23.7,31,0,14.2,1,0,0,48
1027,02-04-2025,37.9,25.3,30,1.2,22.3,55,0,0,52
1028,03-04-2025,36.5,23.9,29.2,1.2,22.2,53,0,0,28
1029,04-04-2025,30,24.1,27.5,0,10,3,0,0,30
1030,05-04-2025,37.5,22.7,30.2,0,12.7,1,0,0,9
1031,06-04-2025,40.4,22.4,31.6,0,14.7,0,0,0,15
1032,07-04-2025,39.9,22.8,31.8,0,25.9,2,0,0,36
1033,08-04-2025,39.5,24.3,31.6,0,22.5,2,0,0,27
1034,09-04-2025,37.5,23.8,31.1,0,19.7,1,0,0,60
1035,10-04-2025,36.7,24.5,30.2,0,35.3,3,0,0,34
1036,11-04-2025,38.3,24,30.2,0,15.5,3,0,0,41
1037,12-04-2025,39.7,23.9,32,0,19.2,3,0,0,34
1038,13-04-2025,39,25.4,31.6,0,16.9,3,0,0,35
1039,14-04-2025,37.4,23.6,30.4,0.2,18.3,51,0,0,55
1040,15-04-2025,37.5,24.6,29,1.1,21.4,53,0,0,42
1041,16-04-2025,37.2,22.5,29.7,0,21.8,1,0,0,25
1042,17-04-2025,38.7,24.3,31.6,0,16.2,1,0,0,78
1043,18-04-2025,40,25.7,32.8,0,17.6,1,0,0,89
1044,19-04-2025,40,26.1,32.5,0,15.1,1,0,0,79
1045,20-04-2025,40.7,25.6,33.8,0,14.5,1,0,0,79
1046,21-04-2025,41.3,27.7,34.2,0,12.5,1,0,0,90
1047,22-04-2025,42.7,27,34.6,0,14.2,0,0,0,85
1048,23-04-2025,42.1,26.3,34.5,0,15.4,0,0,0,50
1049,24-04-2025,42.4,26.3,34.7,0,16.3,1,0,0,58
1050,25-04-2025,41.9,27.3,34.2,0,15.5,1,0,0,119
1051,26-04-2025,41.4,26.2,33.3,0,27.6,2,0,0,53
1052,27-04-2025,33.7,27.4,30.5,0,10.4,3,0,0,68
1053,28-04-2025,37.7,24.5,30.5,1.1,18.9,53,0,0,111
1054,29-04-2025,38.5,23.9,30.5,0,20.5,3,0,0,146
1055,30-04-2025,36.7,24,30.1,0,12.5,1,0,0,90
1056,01-05-2025,37,24.4,30.7,0,20.5,3,0,0,39
1057,02-05-2025,35.8,23.9,29.4,0,14.2,0,0,0,142
1058,03-05-2025,36.7,24.1,28.9,4.3,26.4,63,0,0,124
1059,04-05-2025,35.4,22.6,28.8,0,9.6,3,0,0,81
1060,05-05-2025,36.2,23.9,30.1,0.1,11.7,51,0,0,41
1061,06-05-2025,37.4,24.1,30.9,0,8.7,1,0,0,50
1062,07-05-2025,37.8,24.8,31.3,0,16.6,3,0,0,36
1063,08-05-2025,37.3,25.4,31.7,0,9.8,3,0,0,16
1064,09-05-2025,36.7,26,31.5,0,10.2,3,0,0,32
1065,10-05-2025,39,26.1,32.7,0,11.3,3,0,0,58
1066,11-05-2025,39.6,26.9,33.5,0,12.8,1,0,0,117
1067,12-05-2025,38.9,27.7,33.6,0.8,17.6,53,0,0,90
1068,13-05-2025,40.1,28.4,33.3,2.4,15.7,61,0,0,76
1069,14-05-2025,40.1,26.9,33,0,11.3,2,0,0,71
1070,15-05-2025,40,27.8,33.1,0,18.9,3,0,0,74
1071,16-05-2025,40,27.8,33.3,0,14.8,3,0,0,56
1072,17-05-2025,38.9,27.8,33.3,2.5,16.1,61,0,0,56
1073,18-05-2025,40,27.7,33,1.8,21.7,55,0,0,59
1074,19-05-2025,39.9,27.7,32.8,0.1,24.4,51,0,0,116
1075,20-05-2025,40.1,26.9,33.5,0,15.3,3,0,0,84
1076,21-05-2025,41.3,27.6,33.7,0.1,21.9,51,0,0,127
1077,22-05-2025,34.3,26.4,29.8,0.7,17.7,51,0,0,72
1078,23-05-2025,34.4,25.8,29.6,0.2,9.4,51,0,0,71
1079,24-05-2025,33.6,25.1,28.4,15.5,10.1,63,0,0,65
1080,25-05-2025,32.7,26,28.8,2.2,16.1,61,0,0,78
1081,26-05-2025,34.5,26.3,29.2,17.8,12,65,0,0,49
1082,27-05-2025,34.9,26.4,29.3,2.5,12.4,55,0,0,80
1083,28-05-2025,34.6,25.9,29.4,7.4,19.5,63,0,0,102
1084,29-05-2025,35.2,26,29.9,8.8,11.8,63,0,0,112
1085,30-05-2025,36.7,27,30.7,2.7,16,61,0,0,95
1086,31-05-2025,34.5,26.4,29.3,5.4,11.4,61,0,0,62
1087,01-06-2025,37.1,26.2,31.2,0,19.7,3,0,0,36
1088,02-06-2025,37.3,25.6,31.7,0,16.7,3,0,0,38
1089,03-06-2025,35.9,26.7,30.9,0.2,17,51,0,0,31
1090,04-06-2025,35.9,25.7,29.7,0.1,22.6,51,0,0,50
1091,05-06-2025,34.9,25,30,0,10,3,0,0,44
1092,06-06-2025,35.7,26.3,30.9,0.3,9.7,51,0,0,63
1093,07-06-2025,37.3,25.9,31.4,0.2,19.9,51,0,0,43
1094,08-06-2025,37.4,25.9,31.8,0,15.8,3,0,0,78
1095,09-06-2025,37.3,27.6,32.1,0.3,14.2,51,0,0,53
1096,10-06-2025,36.8,25.8,31.1,0.5,14.5,53,0,0,41
1097,11-06-2025,35.4,26.7,30.4,0.3,17.7,51,0,0,48
1098,12-06-2025,35.1,26.6,30.3,0.9,17.1,53,0,0,36
1099,13-06-2025,36,26.6,31.2,0,15.2,3,0,0,43
1100,14-06-2025,35.8,27.2,31.3,0.2,12.7,51,0,0,83
1101,15-06-2025,35.6,26.2,30.1,9,15.5,63,0,0,72
1102,16-06-2025,32.4,25.4,28,25.2,10.5,65,0,0,83
1103,17-06-2025,32.5,26,28,10.4,16.5,63,0,0,78
1104,18-06-2025,27.2,25.2,26.4,33.6,16.4,63,0,0,75
1105,19-06-2025,26.7,24.5,25.7,24.8,22.8,63,0,0,39
1106,20-06-2025,31.8,25.2,28.1,13.2,22.1,63,0,0,45
1107,21-06-2025,35.2,25.4,30.2,0.7,19.2,51,0,0,42
1108,22-06-2025,33.9,26.7,29.6,0.2,16.4,51,0,0,32
1109,23-06-2025,30,26.2,27.6,18.3,16.1,63,0,0,37
1110,24-06-2025,32.3,25.5,28,5.8,13.1,63,0,0,35
1111,25-06-2025,32.2,25,27.4,37.7,12.8,63,0,0,39
1112,26-06-2025,29.7,24.4,26.9,25.9,15.3,63,0,0,29
1113,27-06-2025,30.8,24.6,27.5,9.5,20.8,61,0,0,42
1114,28-06-2025,29.4,24.7,26.6,43.3,23.6,65,0,0,34
1115,29-06-2025,31.6,24.6,27.6,10.2,21.1,63,0,0,15
1116,30-06-2025,31.1,24.4,26.6,18.9,16.8,63,0,0,24
1117,01-07-2025,30.2,24.2,26.4,37.9,17.1,63,0,0,40
1118,02-07-2025,29.7,24.7,26.2,35.6,18.3,65,0,0,62
1119,03-07-2025,27.2,24.1,25.2,116,19.6,65,1,0,50
1120,04-07-2025,30.3,24,26.6,33.3,20.3,65,0,0,68
1121,05-07-2025,30.5,24.6,26.4,56.5,19.6,65,1,0,78
1122,06-07-2025,28.9,24.5,26.3,154.8,21.6,65,1,0,78
1123,07-07-2025,28.9,24.2,26,10.2,15.6,63,0,0,56
1124,08-07-2025,29.2,24,26.3,4.7,17.6,61,0,0,37
1125,09-07-2025,29.1,23.1,25.2,40.1,18.5,65,0,0,48
1126,10-07-2025,30.5,23.7,26.3,16.7,15.8,63,0,0,59
1127,11-07-2025,31.2,24.6,27.7,5.3,13.4,61,0,0,38
1128,12-07-2025,32.8,25.3,28.4,3.9,15.5,61,0,0,49
1129,13-07-2025,32.7,25.6,28.9,1.8,8.7,55,0,0,92
1130,14-07-2025,28.9,24.8,26.9,19.7,9.9,63,0,0,67
1131,15-07-2025,31.3,24.3,27.2,23.6,20.2,63,0,0,42
1132,16-07-2025,32.9,25,28.1,10.6,13.5,63,0,0,36
1133,17-07-2025,32.8,24.7,28,16.2,15.7,65,0,0,64
1134,18-07-2025,33.2,24.6,28.4,0.9,8.3,53,0,0,58
1135,19-07-2025,33.3,25.1,28.9,6.3,12.9,63,0,0,36
1136,20-07-2025,29.5,24.9,27.3,16.5,9.2,63,0,0,48
1137,21-07-2025,32.1,24.8,28.6,9.9,10.2,63,0,0,51
1138,22-07-2025,32.5,25.2,28.7,9.5,6.8,63,0,0,78
1139,23-07-2025,32.7,26,28.4,30.5,9.3,65,0,0,105
1140,24-07-2025,32.4,25.3,27.7,13.5,14.7,63,0,0,79
1141,25-07-2025,29.9,25.4,27.1,17.1,13.9,63,0,0,52
1142,26-07-2025,30.1,24.7,26.8,16.2,22,65,0,0,56
1143,27-07-2025,32,25.1,28.2,1.7,22.2,51,0,0,46
1144,28-07-2025,31.1,25.8,28.3,0.8,20.2,51,0,0,47
1145,29-07-2025,28.9,25,26.5,12.8,17.8,63,0,0,24
1146,30-07-2025,31.1,24.7,27.4,1.5,17.4,53,0,0,28
1147,31-07-2025,32.7,25.4,28.7,0.9,18.6,53,0,0,37
1148,01-08-2025,32.2,24.8,28.7,1.8,16,61,0,0,64
1149,02-08-2025,31.1,24.9,27.4,16.4,16.8,65,0,0,37
1150,03-08-2025,32.3,25.9,28.7,1.4,14.8,53,0,0,30
1151,04-08-2025,32.6,25.5,28.8,2.1,9,61,0,0,50
1152,05-08-2025,32.8,25.3,28.9,1.8,7.3,61,0,0,58
1153,06-08-2025,32.6,26.3,28.6,11.5,17,63,0,0,44
1154,07-08-2025,33.2,25.7,28.3,1.6,21,53,0,0,26
1155,08-08-2025,30.1,24.8,26.6,6.8,20.6,61,0,0,35
1156,09-08-2025,31.8,24,27.7,1,14.5,53,0,0,35
1157,10-08-2025,32.2,25.1,27.8,7.1,11.5,63,0,0,43
1158,11-08-2025,32.6,24.3,28.6,6.3,10,63,0,0,58
1159,12-08-2025,33.1,25,29.1,2.9,14.1,61,0,0,62
1160,13-08-2025,32.7,24.8,28.2,2.5,14,53,0,0,83
1161,14-08-2025,31.2,25.6,27.7,10.7,18.3,65,0,0,47
1162,15-08-2025,31.6,25,27.6,7.9,14.4,63,0,0,48
1163,16-08-2025,32.3,25.3,28.3,2.5,17.3,55,0,0,51
1164,17-08-2025,32.6,24.5,28.3,1.6,19.1,61,0,0,37
1165,18-08-2025,31.7,25.5,28.1,1.5,22,53,0,0,54
1166,19-08-2025,31,25.6,27.4,16.4,16,65,0,0,50
1167,20-08-2025,31.5,24.9,27.2,4.4,13.6,61,0,0,48
1168,21-08-2025,30.4,24,26.7,9.9,17.9,61,0,0,59
1169,22-08-2025,27.4,24.7,25.7,60.9,17,65,1,0,30
1170,23-08-2025,27.4,24.3,25.6,27.3,20.2,65,0,0,30
1171,24-08-2025,27.8,23.8,25.4,21.5,23,63,0,0,31
1172,25-08-2025,28.7,23.8,26,14.5,11.5,65,0,0,27
1173,26-08-2025,31.2,23.9,26.8,13.3,7.8,63,0,0,36
1174,27-08-2025,31.7,24.1,27.2,2.4,13.7,55,0,0,29
1175,28-08-2025,30.9,24.3,27.3,0.9,9.9,51,0,0,17
1176,29-08-2025,31.8,24.4,28,0.5,11,51,0,0,20
1177,30-08-2025,31.4,24.6,27.9,0.8,17.7,51,0,0,27
1178,31-08-2025,31.3,24.3,27.4,17.9,9.2,65,0,0,44
1179,01-09-2025,31.1,24.5,27.4,5.4,16.8,61,0,0,34
1180,02-09-2025,29.3,24.6,26.5,19.4,10.2,63,0,0,35
1181,03-09-2025,29.8,23.9,26.3,22.8,11.5,63,0,0,54
1182,04-09-2025,31.4,23.6,26.5,41.2,20.6,65,0,0,38
1183,05-09-2025,30.1,24.4,26.8,7.2,8.5,63,0,0,34
1184,06-09-2025,31,23.8,27.3,5.8,10.2,61,0,0,37
1185,07-09-2025,30.7,24.6,27.2,18.6,10.2,65,0,0,54
1186,08-09-2025,31.7,23.7,27.3,4.6,11.8,61,0,0,58
1187,09-09-2025,32.1,24.7,28,3.5,7,63,0,0,49
1188,10-09-2025,32,25.1,28.2,6.3,8.9,63,0,0,72
1189,11-09-2025,30.4,25.4,27.3,15.7,10.3,63,0,0,52
1190,12-09-2025,31.7,24.1,27,8.2,11.4,63,0,0,37
1191,13-09-2025,31.1,24.3,27.3,2.5,13.9,61,0,0,36
1192,14-09-2025,31.5,24.6,27.3,7,9.8,63,0,0,73
1193,15-09-2025,29.3,24.8,26.5,19.4,9.7,65,0,0,50
1194,16-09-2025,28.5,24.6,26.3,14.1,11.7,63,0,0,22
1195,17-09-2025,30.6,24.1,27,2.1,14,51,0,0,34
1196,18-09-2025,31.2,24.4,27.7,0.9,9.3,51,0,0,48
1197,19-09-2025,32.2,24.4,28,3.5,11,61,0,0,50
1198,20-09-2025,32.4,24.7,28,4.8,11.8,61,0,0,49
1199,21-09-2025,30.7,24.8,27.1,8.8,7.3,63,0,0,83
1200,22-09-2025,30.7,25.2,27.2,11,7.8,63,0,0,98
1201,23-09-2025,28.1,24,25.9,51.3,10.5,65,1,0,79
1202,24-09-2025,28.9,24,25.8,43.2,12.1,65,0,0,52
1203,25-09-2025,31.4,23.7,27.2,1.9,13.4,53,0,0,53
1204,26-09-2025,31.5,24.5,26.9,27.3,15.6,65,0,0,58
1205,27-09-2025,30.6,25.1,27,12.1,21.8,63,0,0,36
1206,28-09-2025,30.4,25.1,27.1,5.8,12.3,63,0,0,29
1207,29-09-2025,31.1,24,27.2,0.5,8.2,51,0,0,12
1208,30-09-2025,31,24.2,27.2,5,9.3,63,0,0,19
1209,01-10-2025,31.8,24.3,27.8,5.2,16.3,61,0,0,65
1210,02-10-2025,30.5,25.1,26.7,36.4,22.8,65,0,0,60
1211,03-10-2025,27.9,24.4,25.9,22.6,17.4,63,0,0,28
1212,04-10-2025,30.6,24.6,26.3,11.3,14.4,63,0,0,30
1213,05-10-2025,28.8,24.1,25.5,6.1,13.3,63,0,0,35
1214,06-10-2025,28.8,23,25.7,3,7.1,55,0,0,17
1215,07-10-2025,29.9,23.5,26,2.5,11.1,53,0,0,35
1216,08-10-2025,30.6,24.5,26.9,4.9,6.9,61,0,0,40
1217,09-10-2025,31,24.2,26.7,2.6,7.4,61,0,0,34
1218,10-10-2025,31.2,23.2,26.3,4.8,15.7,63,0,0,31
1219,11-10-2025,31.5,22.8,26.8,0,9,3,0,0,14
1220,12-10-2025,31,22.4,26.5,0,6.2,2,0,0,31
1221,13-10-2025,31,22.9,26.5,0,8.2,0,0,0,26
1222,14-10-2025,31.4,22.5,26.6,0,6.3,1,0,0,15
1223,15-10-2025,31.4,22.4,26.4,0,6.1,0,0,0,18
1224,16-10-2025,30.9,22.2,25.9,0,8.2,0,0,0,18
1225,17-10-2025,31,21.7,25.5,0,7.8,0,0,0,17
1226,18-10-2025,30.5,20.6,25.5,0,6.3,0,0,0,37
1227,19-10-2025,30.2,22.6,25.9,0.6,9.4,51,0,0,42
